id_registro,id_fonte,ano_referencia,uf,regiao,faixa_renda_familiar,despesa_medicamentos,despesa_consultas,despesa_plano_saude,despesa_saude_mental,total_despesa_saude,pct_saude_mental,perfil_gasto
1,3,2017,RO,Norte,5-10 SM,703.96,2939.02,449.02,631.59,4723.59,13.37,Alto
2,3,2018,RO,Norte,10-20 SM,1376.07,2702.83,2467.71,787.1,7333.71,10.73,Muito Alto
3,3,2017,RO,Norte,5-10 SM,693.77,1793.65,484.72,303.63,3275.77,9.27,Alto
4,3,2018,RO,Norte,10-20 SM,260.56,2650.73,1793.54,377.5,5082.33,7.43,Muito Alto
5,3,2018,RO,Norte,5-10 SM,146.96,186.57,2490.69,391.23,3215.45,12.17,Alto
6,3,2018,RO,Norte,5-10 SM,966.88,2829.99,2356.48,597.42,6750.77,8.85,Muito Alto
7,3,2017,RO,Norte,Até 2 SM,1396.46,2984.66,468.5,512.01,5361.63,9.55,Muito Alto
8,3,2018,RO,Norte,10-20 SM,1263.18,1879.15,786.49,229.73,4158.55,5.52,Alto
9,3,2017,RO,Norte,Acima de 20 SM,73.12,2123.3,1820.27,553.76,4570.45,12.12,Alto
10,3,2018,RO,Norte,Até 2 SM,508.04,2058.59,553.31,790.51,3910.45,20.22,Alto
11,3,2017,RO,Norte,5-10 SM,413.63,2560.08,919.75,80.69,3974.15,2.03,Alto
12,3,2018,RO,Norte,Até 2 SM,776.03,612.29,2161.94,448.62,3998.88,11.22,Alto
13,3,2018,RO,Norte,10-20 SM,584.95,1706.88,1255.38,733.85,4281.06,17.14,Alto
14,3,2017,RO,Norte,2-5 SM,327.92,2227.36,1471.82,352.82,4379.92,8.06,Alto
15,3,2017,RO,Norte,Acima de 20 SM,303.22,1502.58,2244.75,150.42,4200.97,3.58,Alto
16,3,2017,RO,Norte,Até 2 SM,1034.51,882.92,2161.56,341.38,4420.37,7.72,Alto
17,3,2018,RO,Norte,10-20 SM,705.69,1040.88,1540.36,387.28,3674.21,10.54,Alto
18,3,2017,RO,Norte,Até 2 SM,543.93,2176.44,1228.02,393.88,4342.27,9.07,Alto
19,3,2017,RO,Norte,Até 2 SM,558.85,2189.64,82.65,677.26,3508.4,19.3,Alto
20,3,2018,RO,Norte,10-20 SM,851.24,2079.58,1136.39,751.64,4818.85,15.6,Alto
21,3,2018,RO,Norte,5-10 SM,1471.42,1286.88,1302.4,54.3,4115.0,1.32,Alto
22,3,2017,RO,Norte,Acima de 20 SM,667.58,2540.93,23.88,567.52,3799.91,14.94,Alto
23,3,2017,RO,Norte,5-10 SM,1281.7,1986.69,984.59,432.04,4685.02,9.22,Alto
24,3,2018,RO,Norte,2-5 SM,372.99,1193.01,2404.2,591.17,4561.37,12.96,Alto
25,3,2018,RO,Norte,2-5 SM,1284.93,1126.45,903.15,472.76,3787.29,12.48,Alto
26,3,2018,RO,Norte,2-5 SM,167.03,2326.34,743.34,527.1,3763.81,14.0,Alto
27,3,2018,RO,Norte,Até 2 SM,773.22,612.01,2276.4,691.86,4353.49,15.89,Alto
28,3,2018,RO,Norte,10-20 SM,988.11,1454.38,1589.57,152.38,4184.44,3.64,Alto
29,3,2017,RO,Norte,Acima de 20 SM,1212.67,1330.1,114.85,194.38,2852.0,6.82,Médio
30,3,2017,RO,Norte,2-5 SM,472.08,1702.55,926.85,617.91,3719.39,16.61,Alto
31,3,2017,RO,Norte,10-20 SM,561.43,435.61,1655.32,512.87,3165.23,16.2,Alto
32,3,2018,RO,Norte,5-10 SM,438.18,2478.22,1052.28,331.69,4300.37,7.71,Alto
33,3,2017,RO,Norte,5-10 SM,1217.26,2689.86,1938.16,156.17,6001.45,2.6,Muito Alto
34,3,2018,RO,Norte,Acima de 20 SM,660.5,1893.62,1823.58,293.87,4671.57,6.29,Alto
35,3,2018,RO,Norte,Até 2 SM,888.52,1883.24,230.34,627.22,3629.32,17.28,Alto
36,3,2017,RO,Norte,Até 2 SM,840.42,864.66,2261.53,628.66,4595.27,13.68,Alto
37,3,2017,RO,Norte,10-20 SM,1433.84,2711.49,1824.85,686.76,6656.94,10.32,Muito Alto
38,3,2017,AC,Norte,Até 2 SM,1210.55,2211.71,1031.42,183.26,4636.94,3.95,Alto
39,3,2017,AC,Norte,2-5 SM,217.32,1257.93,1539.87,250.92,3266.04,7.68,Alto
40,3,2017,AC,Norte,Acima de 20 SM,480.2,638.36,1063.55,38.51,2220.62,1.73,Médio
41,3,2018,AC,Norte,Até 2 SM,1418.14,402.75,531.96,333.28,2686.13,12.41,Médio
42,3,2017,AC,Norte,10-20 SM,1497.57,230.51,2441.05,560.69,4729.82,11.85,Alto
43,3,2017,AC,Norte,5-10 SM,684.22,2718.31,1826.98,290.1,5519.61,5.26,Muito Alto
44,3,2018,AC,Norte,2-5 SM,219.14,2833.64,199.18,82.18,3334.14,2.46,Alto
45,3,2017,AC,Norte,5-10 SM,74.22,2301.63,1532.7,250.42,4158.97,6.02,Alto
46,3,2017,AC,Norte,10-20 SM,158.52,2345.41,1964.64,164.81,4633.38,3.56,Alto
47,3,2017,AC,Norte,2-5 SM,268.24,614.01,1941.93,431.29,3255.47,13.25,Alto
48,3,2018,AC,Norte,10-20 SM,1482.94,326.02,114.35,601.28,2524.59,23.82,Médio
49,3,2017,AC,Norte,Acima de 20 SM,1286.92,839.18,1699.53,132.9,3958.53,3.36,Alto
50,3,2018,AC,Norte,Acima de 20 SM,786.93,515.84,602.38,446.53,2351.68,18.99,Médio
51,3,2018,AC,Norte,Até 2 SM,175.78,1649.58,1161.01,325.07,3311.44,9.82,Alto
52,3,2017,AC,Norte,10-20 SM,174.55,1447.61,851.93,182.3,2656.39,6.86,Médio
53,3,2017,AC,Norte,5-10 SM,928.36,1726.33,1454.81,433.74,4543.24,9.55,Alto
54,3,2017,AM,Norte,2-5 SM,782.54,2709.02,807.74,235.41,4534.71,5.19,Alto
55,3,2017,AM,Norte,2-5 SM,991.3,2736.31,1760.62,767.66,6255.89,12.27,Muito Alto
56,3,2017,AM,Norte,5-10 SM,1215.85,1217.78,1707.85,132.77,4274.25,3.11,Alto
57,3,2017,AM,Norte,2-5 SM,126.17,2481.51,1204.21,211.82,4023.71,5.26,Alto
58,3,2018,AM,Norte,10-20 SM,248.15,1320.12,1526.73,730.72,3825.72,19.1,Alto
59,3,2017,AM,Norte,Acima de 20 SM,1248.37,1088.4,2420.0,552.52,5309.29,10.41,Muito Alto
60,3,2017,AM,Norte,2-5 SM,636.43,1238.4,2322.76,266.2,4463.79,5.96,Alto
61,3,2018,AM,Norte,10-20 SM,948.59,1532.92,1638.54,79.14,4199.19,1.88,Alto
62,3,2017,AM,Norte,Acima de 20 SM,1314.35,978.91,96.79,546.22,2936.27,18.6,Médio
63,3,2018,AM,Norte,Até 2 SM,532.21,378.82,1800.85,520.54,3232.42,16.1,Alto
64,3,2018,AM,Norte,Até 2 SM,489.78,1524.23,1439.45,229.83,3683.29,6.24,Alto
65,3,2018,AM,Norte,Acima de 20 SM,1132.59,259.52,992.25,257.42,2641.78,9.74,Médio
66,3,2018,AM,Norte,2-5 SM,815.13,481.45,1534.25,474.95,3305.78,14.37,Alto
67,3,2018,AM,Norte,5-10 SM,566.23,2838.21,446.8,534.36,4385.6,12.18,Alto
68,3,2018,AM,Norte,Acima de 20 SM,734.1,329.72,697.46,708.34,2469.62,28.68,Médio
69,3,2017,AM,Norte,Até 2 SM,733.6,974.29,1665.6,598.98,3972.47,15.08,Alto
70,3,2018,AM,Norte,Até 2 SM,361.78,2354.39,1974.52,708.83,5399.52,13.13,Muito Alto
71,3,2017,AM,Norte,Até 2 SM,1081.87,212.18,771.9,109.19,2175.14,5.02,Médio
72,3,2018,AM,Norte,2-5 SM,1378.58,2045.39,1599.01,294.26,5317.24,5.53,Muito Alto
73,3,2017,AM,Norte,Acima de 20 SM,722.15,2257.75,105.13,57.15,3142.18,1.82,Alto
74,3,2017,AM,Norte,5-10 SM,86.49,562.14,2033.29,611.26,3293.18,18.56,Alto
75,3,2017,AM,Norte,Até 2 SM,1179.73,551.7,929.84,761.2,3422.47,22.24,Alto
76,3,2018,AM,Norte,5-10 SM,298.86,1221.94,1108.87,69.38,2699.05,2.57,Médio
77,3,2017,AM,Norte,2-5 SM,1019.57,1138.36,1068.58,325.62,3552.13,9.17,Alto
78,3,2018,AM,Norte,Até 2 SM,1244.91,2374.7,1224.45,432.93,5276.99,8.2,Muito Alto
79,3,2018,AM,Norte,10-20 SM,1459.85,1870.24,2178.91,390.28,5899.28,6.62,Muito Alto
80,3,2017,RR,Norte,10-20 SM,1084.11,2813.72,2294.15,413.1,6605.08,6.25,Muito Alto
81,3,2017,RR,Norte,Acima de 20 SM,435.38,207.72,2367.9,70.76,3081.76,2.3,Alto
82,3,2018,RR,Norte,2-5 SM,1110.36,2842.77,1525.52,135.21,5613.86,2.41,Muito Alto
83,3,2017,RR,Norte,5-10 SM,1455.21,1175.95,720.65,767.58,4119.39,18.63,Alto
84,3,2017,RR,Norte,Até 2 SM,1241.47,1550.65,1499.88,154.0,4446.0,3.46,Alto
85,3,2017,RR,Norte,10-20 SM,433.36,2476.26,2118.73,672.28,5700.63,11.79,Muito Alto
86,3,2017,RR,Norte,5-10 SM,706.38,1451.21,1504.02,17.44,3679.05,0.47,Alto
87,3,2017,RR,Norte,5-10 SM,1236.3,2155.11,1592.07,197.47,5180.95,3.81,Muito Alto
88,3,2017,RR,Norte,10-20 SM,581.19,379.55,400.14,92.62,1453.5,6.37,Médio
89,3,2018,RR,Norte,5-10 SM,269.63,1250.62,2008.26,585.43,4113.94,14.23,Alto
90,3,2018,RR,Norte,Até 2 SM,114.72,841.24,807.36,684.89,2448.21,27.98,Médio
91,3,2017,RR,Norte,2-5 SM,1334.75,251.9,2262.61,111.53,3960.79,2.82,Alto
92,3,2017,RR,Norte,10-20 SM,418.33,1090.68,423.22,407.16,2339.39,17.4,Médio
93,3,2018,RR,Norte,10-20 SM,1155.21,444.93,771.25,297.12,2668.51,11.13,Médio
94,3,2018,RR,Norte,10-20 SM,367.53,522.91,161.22,698.72,1750.38,39.92,Médio
95,3,2017,RR,Norte,5-10 SM,1237.12,244.24,100.02,492.95,2074.33,23.76,Médio
96,3,2017,RR,Norte,5-10 SM,326.44,848.99,1580.93,754.75,3511.11,21.5,Alto
97,3,2017,RR,Norte,10-20 SM,1299.66,2719.29,130.37,784.91,4934.23,15.91,Alto
98,3,2018,RR,Norte,2-5 SM,1126.89,1811.42,627.81,549.88,4116.0,13.36,Alto
99,3,2017,RR,Norte,Até 2 SM,78.79,2702.98,2371.89,170.92,5324.58,3.21,Muito Alto
100,3,2017,RR,Norte,Até 2 SM,202.45,457.57,1006.23,378.38,2044.63,18.51,Médio
101,3,2017,RR,Norte,Até 2 SM,700.01,2855.94,794.81,310.17,4660.93,6.65,Alto
102,3,2018,RR,Norte,Acima de 20 SM,595.0,135.28,1246.43,65.78,2042.49,3.22,Médio
103,3,2018,RR,Norte,Até 2 SM,1460.29,639.97,1088.6,43.5,3232.36,1.35,Alto
104,3,2018,RR,Norte,Até 2 SM,522.57,351.1,1540.14,87.13,2500.94,3.48,Médio
105,3,2017,RR,Norte,Acima de 20 SM,1243.37,2606.64,1858.5,253.93,5962.44,4.26,Muito Alto
106,3,2018,RR,Norte,Acima de 20 SM,665.89,987.2,1724.96,252.21,3630.26,6.95,Alto
107,3,2017,RR,Norte,Até 2 SM,1277.93,1301.72,1939.38,769.42,5288.45,14.55,Muito Alto
108,3,2017,RR,Norte,10-20 SM,579.19,2549.48,2253.85,792.76,6175.28,12.84,Muito Alto
109,3,2018,RR,Norte,Acima de 20 SM,456.1,2607.6,1529.39,661.48,5254.57,12.59,Muito Alto
110,3,2018,PA,Norte,2-5 SM,1402.69,1802.75,842.59,129.92,4177.95,3.11,Alto
111,3,2017,PA,Norte,Até 2 SM,446.52,1507.52,1448.98,353.42,3756.44,9.41,Alto
112,3,2018,PA,Norte,Acima de 20 SM,522.82,250.17,1823.02,97.62,2693.63,3.62,Médio
113,3,2017,PA,Norte,Até 2 SM,1164.19,1960.87,2020.45,382.84,5528.35,6.93,Muito Alto
114,3,2018,PA,Norte,2-5 SM,1217.9,106.87,2239.81,34.11,3598.69,0.95,Alto
115,3,2017,PA,Norte,Até 2 SM,315.41,2516.26,1196.27,323.52,4351.46,7.43,Alto
116,3,2018,PA,Norte,2-5 SM,644.51,2677.39,551.95,107.63,3981.48,2.7,Alto
117,3,2018,PA,Norte,Acima de 20 SM,219.38,2258.36,553.29,164.84,3195.87,5.16,Alto
118,3,2018,PA,Norte,5-10 SM,750.48,730.8,1994.95,44.8,3521.03,1.27,Alto
119,3,2017,PA,Norte,Acima de 20 SM,847.93,2307.76,1764.29,95.47,5015.45,1.9,Muito Alto
120,3,2017,PA,Norte,5-10 SM,684.36,2444.91,23.71,749.54,3902.52,19.21,Alto
121,3,2018,PA,Norte,5-10 SM,1296.85,1054.22,90.62,104.31,2546.0,4.1,Médio
122,3,2018,PA,Norte,5-10 SM,307.3,1843.4,553.34,594.43,3298.47,18.02,Alto
123,3,2017,PA,Norte,2-5 SM,1022.21,2767.15,1319.6,565.17,5674.13,9.96,Muito Alto
124,3,2018,PA,Norte,10-20 SM,1374.42,2930.72,974.8,204.35,5484.29,3.73,Muito Alto
125,3,2017,PA,Norte,Até 2 SM,1152.68,1067.47,1849.96,498.85,4568.96,10.92,Alto
126,3,2018,PA,Norte,10-20 SM,413.6,1831.6,1014.41,597.21,3856.82,15.48,Alto
127,3,2017,PA,Norte,10-20 SM,464.93,2928.27,1000.46,746.49,5140.15,14.52,Muito Alto
128,3,2017,PA,Norte,Até 2 SM,1191.47,2460.35,1458.87,323.65,5434.34,5.96,Muito Alto
129,3,2018,PA,Norte,2-5 SM,429.17,2528.15,1089.81,278.72,4325.85,6.44,Alto
130,3,2017,PA,Norte,2-5 SM,920.41,936.81,1869.93,21.37,3748.52,0.57,Alto
131,3,2017,PA,Norte,2-5 SM,816.02,217.83,259.91,785.56,2079.32,37.78,Médio
132,3,2018,PA,Norte,Até 2 SM,1236.24,1651.55,132.75,489.56,3510.1,13.95,Alto
133,3,2017,PA,Norte,Até 2 SM,1174.85,2625.56,2219.26,620.93,6640.6,9.35,Muito Alto
134,3,2017,PA,Norte,5-10 SM,1050.07,2492.36,645.56,503.51,4691.5,10.73,Alto
135,3,2017,PA,Norte,10-20 SM,106.92,475.22,2242.41,699.37,3523.92,19.85,Alto
136,3,2017,PA,Norte,Até 2 SM,114.58,2453.46,305.5,34.85,2908.39,1.2,Médio
137,3,2017,PA,Norte,5-10 SM,626.55,498.9,1366.7,621.07,3113.22,19.95,Alto
138,3,2018,PA,Norte,5-10 SM,273.53,1612.88,1174.61,633.34,3694.36,17.14,Alto
139,3,2017,PA,Norte,2-5 SM,231.16,992.71,168.62,673.09,2065.58,32.59,Médio
140,3,2018,PA,Norte,2-5 SM,156.05,823.48,1842.83,638.41,3460.77,18.45,Alto
141,3,2017,PA,Norte,5-10 SM,1266.59,2272.42,1886.74,192.91,5618.66,3.43,Muito Alto
142,3,2018,PA,Norte,10-20 SM,913.05,175.21,41.24,88.05,1217.55,7.23,Médio
143,3,2017,PA,Norte,2-5 SM,1288.37,464.63,428.04,603.32,2784.36,21.67,Médio
144,3,2018,PA,Norte,10-20 SM,170.74,1565.0,734.22,328.77,2798.73,11.75,Médio
145,3,2017,AP,Norte,5-10 SM,1015.25,1539.45,2365.58,618.32,5538.6,11.16,Muito Alto
146,3,2017,AP,Norte,2-5 SM,1138.53,1861.96,989.77,772.52,4762.78,16.22,Alto
147,3,2018,AP,Norte,10-20 SM,260.11,160.99,2172.23,601.19,3194.52,18.82,Alto
148,3,2017,AP,Norte,Acima de 20 SM,1204.16,1558.17,798.8,690.48,4251.61,16.24,Alto
149,3,2017,AP,Norte,2-5 SM,330.65,1807.69,1675.77,572.99,4387.1,13.06,Alto
150,3,2017,AP,Norte,2-5 SM,1002.68,1654.26,1457.75,216.52,4331.21,5.0,Alto
151,3,2018,AP,Norte,5-10 SM,693.0,2274.6,995.35,170.52,4133.47,4.13,Alto
152,3,2018,AP,Norte,Acima de 20 SM,1310.89,2467.86,363.12,262.74,4404.61,5.97,Alto
153,3,2018,AP,Norte,Acima de 20 SM,1257.39,2015.57,284.24,194.39,3751.59,5.18,Alto
154,3,2018,AP,Norte,5-10 SM,217.84,2654.1,941.16,148.85,3961.95,3.76,Alto
155,3,2018,AP,Norte,5-10 SM,1376.17,1424.91,1252.9,506.66,4560.64,11.11,Alto
156,3,2017,AP,Norte,Acima de 20 SM,908.83,776.47,2262.82,293.59,4241.71,6.92,Alto
157,3,2018,AP,Norte,5-10 SM,1372.55,1660.2,482.14,309.14,3824.03,8.08,Alto
158,3,2017,AP,Norte,Acima de 20 SM,801.52,1607.15,2046.17,759.55,5214.39,14.57,Muito Alto
159,3,2018,AP,Norte,2-5 SM,200.29,1433.39,2103.19,178.13,3915.0,4.55,Alto
160,3,2017,AP,Norte,2-5 SM,725.49,2984.06,2023.9,46.94,5780.39,0.81,Muito Alto
161,3,2017,AP,Norte,Acima de 20 SM,1111.94,2060.62,708.55,687.98,4569.09,15.06,Alto
162,3,2017,TO,Norte,Até 2 SM,1036.71,2549.79,273.24,282.68,4142.42,6.82,Alto
163,3,2017,TO,Norte,5-10 SM,1319.3,2239.69,1550.69,108.94,5218.62,2.09,Muito Alto
164,3,2017,TO,Norte,10-20 SM,1009.71,483.09,310.18,3.72,1806.7,0.21,Médio
165,3,2018,TO,Norte,5-10 SM,1267.0,1418.4,2096.83,493.44,5275.67,9.35,Muito Alto
166,3,2017,TO,Norte,5-10 SM,1093.44,1930.35,361.25,669.08,4054.12,16.5,Alto
167,3,2018,TO,Norte,Até 2 SM,580.3,2465.49,2233.02,651.71,5930.52,10.99,Muito Alto
168,3,2017,TO,Norte,5-10 SM,1161.52,2152.81,338.55,320.22,3973.1,8.06,Alto
169,3,2017,TO,Norte,Acima de 20 SM,632.72,2031.78,583.62,313.16,3561.28,8.79,Alto
170,3,2017,TO,Norte,Acima de 20 SM,580.84,2813.13,243.24,91.34,3728.55,2.45,Alto
171,3,2017,TO,Norte,2-5 SM,862.11,1735.38,2010.39,604.0,5211.88,11.59,Muito Alto
172,3,2017,TO,Norte,10-20 SM,516.58,2962.63,1753.32,457.88,5690.41,8.05,Muito Alto
173,3,2017,TO,Norte,2-5 SM,229.61,354.52,1075.64,36.71,1696.48,2.16,Médio
174,3,2017,TO,Norte,Até 2 SM,616.33,138.46,2428.5,490.79,3674.08,13.36,Alto
175,3,2018,TO,Norte,5-10 SM,1407.6,1393.44,1528.36,479.55,4808.95,9.97,Alto
176,3,2018,TO,Norte,10-20 SM,1126.32,1191.15,1230.67,64.38,3612.52,1.78,Alto
177,3,2017,TO,Norte,5-10 SM,395.91,114.22,907.02,450.25,1867.4,24.11,Médio
178,3,2018,TO,Norte,2-5 SM,137.62,2241.71,566.96,217.99,3164.28,6.89,Alto
179,3,2017,TO,Norte,Acima de 20 SM,796.95,295.68,2492.12,416.82,4001.57,10.42,Alto
180,3,2017,TO,Norte,5-10 SM,981.55,2594.35,1679.1,323.47,5578.47,5.8,Muito Alto
181,3,2017,TO,Norte,Até 2 SM,1204.15,1461.6,1935.66,433.08,5034.49,8.6,Muito Alto
182,3,2017,TO,Norte,10-20 SM,125.58,137.06,1430.21,294.31,1987.16,14.81,Médio
183,3,2017,TO,Norte,2-5 SM,633.5,1902.52,1728.81,549.3,4814.13,11.41,Alto
184,3,2018,TO,Norte,2-5 SM,736.07,1719.12,129.19,555.79,3140.17,17.7,Alto
185,3,2017,TO,Norte,Até 2 SM,726.27,2399.33,1623.82,324.05,5073.47,6.39,Muito Alto
186,3,2018,TO,Norte,Até 2 SM,823.04,2986.8,1634.36,353.12,5797.32,6.09,Muito Alto
187,3,2017,TO,Norte,Até 2 SM,1459.52,2477.45,828.68,323.01,5088.66,6.35,Muito Alto
188,3,2017,TO,Norte,2-5 SM,740.25,1824.41,2496.23,244.77,5305.66,4.61,Muito Alto
189,3,2017,MA,Nordeste,2-5 SM,428.3,2035.98,412.7,63.44,2940.42,2.16,Médio
190,3,2018,MA,Nordeste,Acima de 20 SM,552.26,814.23,90.48,360.65,1817.62,19.84,Médio
191,3,2018,MA,Nordeste,Até 2 SM,113.15,2435.35,2343.84,353.49,5245.83,6.74,Muito Alto
192,3,2018,MA,Nordeste,10-20 SM,1186.22,2263.87,705.86,71.16,4227.11,1.68,Alto
193,3,2018,MA,Nordeste,Até 2 SM,276.99,2914.24,1573.11,23.76,4788.1,0.5,Alto
194,3,2017,MA,Nordeste,2-5 SM,912.46,1399.14,2091.21,480.08,4882.89,9.83,Alto
195,3,2018,MA,Nordeste,Até 2 SM,1257.92,2186.93,1464.1,451.81,5360.76,8.43,Muito Alto
196,3,2017,MA,Nordeste,10-20 SM,177.57,2283.78,326.54,138.19,2926.08,4.72,Médio
197,3,2018,MA,Nordeste,Até 2 SM,731.92,1418.98,584.2,350.76,3085.86,11.37,Alto
198,3,2018,MA,Nordeste,Até 2 SM,889.65,2292.41,228.01,423.18,3833.25,11.04,Alto
199,3,2018,MA,Nordeste,2-5 SM,621.06,195.54,437.39,37.63,1291.62,2.91,Médio
200,3,2017,MA,Nordeste,Acima de 20 SM,1474.08,1802.47,1873.03,557.75,5707.33,9.77,Muito Alto
201,3,2018,MA,Nordeste,Até 2 SM,522.57,2632.69,1255.65,409.38,4820.29,8.49,Alto
202,3,2017,MA,Nordeste,Até 2 SM,631.12,2018.4,1288.99,309.23,4247.74,7.28,Alto
203,3,2017,MA,Nordeste,Até 2 SM,1151.47,1444.58,2337.86,256.02,5189.93,4.93,Muito Alto
204,3,2017,MA,Nordeste,2-5 SM,1418.87,1787.99,941.26,630.68,4778.8,13.2,Alto
205,3,2017,MA,Nordeste,10-20 SM,57.87,2270.79,72.48,137.03,2538.17,5.4,Médio
206,3,2017,MA,Nordeste,Acima de 20 SM,448.89,2224.72,1331.23,528.55,4533.39,11.66,Alto
207,3,2018,MA,Nordeste,10-20 SM,820.54,655.57,145.52,732.93,2354.56,31.13,Médio
208,3,2017,MA,Nordeste,10-20 SM,236.75,888.16,2087.32,430.5,3642.73,11.82,Alto
209,3,2017,PI,Nordeste,2-5 SM,343.11,1078.4,1816.07,299.05,3536.63,8.46,Alto
210,3,2017,PI,Nordeste,5-10 SM,1375.17,2825.06,2113.93,716.25,7030.41,10.19,Muito Alto
211,3,2018,PI,Nordeste,10-20 SM,326.23,925.88,318.38,214.46,1784.95,12.01,Médio
212,3,2018,PI,Nordeste,Acima de 20 SM,132.41,1226.06,1961.48,503.07,3823.02,13.16,Alto
213,3,2018,PI,Nordeste,Acima de 20 SM,116.54,2350.62,1396.17,317.97,4181.3,7.6,Alto
214,3,2018,PI,Nordeste,10-20 SM,487.13,456.54,1695.51,421.36,3060.54,13.77,Alto
215,3,2018,PI,Nordeste,Até 2 SM,1464.02,2098.02,249.26,304.62,4115.92,7.4,Alto
216,3,2017,PI,Nordeste,Acima de 20 SM,1027.06,2738.45,2227.58,462.77,6455.86,7.17,Muito Alto
217,3,2017,PI,Nordeste,10-20 SM,1256.66,1892.67,2168.58,296.64,5614.55,5.28,Muito Alto
218,3,2017,PI,Nordeste,Até 2 SM,910.51,1378.54,917.6,653.5,3860.15,16.93,Alto
219,3,2017,PI,Nordeste,Acima de 20 SM,1086.18,2106.48,1916.0,389.14,5497.8,7.08,Muito Alto
220,3,2018,PI,Nordeste,2-5 SM,306.38,1274.55,2153.03,107.13,3841.09,2.79,Alto
221,3,2018,PI,Nordeste,Até 2 SM,624.99,2284.63,309.65,735.02,3954.29,18.59,Alto
222,3,2018,PI,Nordeste,5-10 SM,1384.93,899.47,1169.84,151.49,3605.73,4.2,Alto
223,3,2018,PI,Nordeste,Acima de 20 SM,316.36,1923.52,502.26,664.62,3406.76,19.51,Alto
224,3,2017,PI,Nordeste,Acima de 20 SM,712.16,1888.96,1594.02,764.92,4960.06,15.42,Alto
225,3,2017,PI,Nordeste,Acima de 20 SM,746.95,2881.0,2157.36,210.82,5996.13,3.52,Muito Alto
226,3,2017,PI,Nordeste,5-10 SM,446.82,738.02,2442.48,786.7,4414.02,17.82,Alto
227,3,2017,PI,Nordeste,2-5 SM,53.02,698.42,2145.18,530.07,3426.69,15.47,Alto
228,3,2017,CE,Nordeste,Até 2 SM,588.02,843.43,659.74,490.64,2581.83,19.0,Médio
229,3,2018,CE,Nordeste,10-20 SM,1498.01,1521.74,845.15,150.16,4015.06,3.74,Alto
230,3,2017,CE,Nordeste,5-10 SM,645.54,733.21,258.0,486.14,2122.89,22.9,Médio
231,3,2017,CE,Nordeste,Acima de 20 SM,375.18,1738.58,922.2,564.71,3600.67,15.68,Alto
232,3,2017,CE,Nordeste,10-20 SM,564.21,920.05,1446.59,24.17,2955.02,0.82,Médio
233,3,2018,CE,Nordeste,5-10 SM,1156.31,843.52,1549.07,508.92,4057.82,12.54,Alto
234,3,2018,CE,Nordeste,10-20 SM,608.73,1499.82,1080.77,30.95,3220.27,0.96,Alto
235,3,2017,CE,Nordeste,5-10 SM,1451.65,2441.16,392.92,226.26,4511.99,5.01,Alto
236,3,2018,CE,Nordeste,Até 2 SM,1434.85,1034.4,721.98,65.65,3256.88,2.02,Alto
237,3,2017,CE,Nordeste,5-10 SM,453.41,1974.22,657.4,175.22,3260.25,5.37,Alto
238,3,2018,CE,Nordeste,5-10 SM,973.02,1187.89,2211.73,702.33,5074.97,13.84,Muito Alto
239,3,2017,CE,Nordeste,5-10 SM,968.7,1120.98,2057.44,208.65,4355.77,4.79,Alto
240,3,2017,CE,Nordeste,2-5 SM,280.93,556.94,1016.36,223.15,2077.38,10.74,Médio
241,3,2018,CE,Nordeste,Até 2 SM,980.1,156.02,2331.0,290.84,3757.96,7.74,Alto
242,3,2017,CE,Nordeste,Até 2 SM,288.41,1271.85,2020.96,538.33,4119.55,13.07,Alto
243,3,2017,CE,Nordeste,5-10 SM,929.25,2282.46,1608.53,219.03,5039.27,4.35,Muito Alto
244,3,2017,CE,Nordeste,Acima de 20 SM,1248.45,621.51,1478.9,259.96,3608.82,7.2,Alto
245,3,2018,CE,Nordeste,Acima de 20 SM,490.25,1422.31,1820.15,553.12,4285.83,12.91,Alto
246,3,2017,CE,Nordeste,2-5 SM,143.47,507.82,1745.13,587.23,2983.65,19.68,Médio
247,3,2018,CE,Nordeste,10-20 SM,758.62,1413.15,826.51,754.18,3752.46,20.1,Alto
248,3,2017,CE,Nordeste,2-5 SM,1321.37,1062.99,170.61,788.15,3343.12,23.58,Alto
249,3,2017,CE,Nordeste,5-10 SM,926.12,2703.71,696.27,473.13,4799.23,9.86,Alto
250,3,2017,CE,Nordeste,Acima de 20 SM,943.38,609.94,1473.03,536.63,3562.98,15.06,Alto
251,3,2018,CE,Nordeste,2-5 SM,497.6,311.97,1375.37,709.42,2894.36,24.51,Médio
252,3,2018,CE,Nordeste,10-20 SM,446.67,1978.99,905.14,584.93,3915.73,14.94,Alto
253,3,2017,CE,Nordeste,5-10 SM,519.81,2895.8,91.18,293.99,3800.78,7.73,Alto
254,3,2018,CE,Nordeste,Até 2 SM,1480.13,2451.96,988.62,575.05,5495.76,10.46,Muito Alto
255,3,2018,CE,Nordeste,Até 2 SM,1056.1,587.95,1887.36,591.24,4122.65,14.34,Alto
256,3,2018,CE,Nordeste,5-10 SM,559.05,2552.03,2130.6,762.29,6003.97,12.7,Muito Alto
257,3,2018,CE,Nordeste,2-5 SM,1490.23,2960.11,193.19,115.39,4758.92,2.42,Alto
258,3,2018,CE,Nordeste,Até 2 SM,1357.8,853.08,2076.54,183.83,4471.25,4.11,Alto
259,3,2018,CE,Nordeste,Até 2 SM,748.47,1086.36,187.98,97.66,2120.47,4.61,Médio
260,3,2018,CE,Nordeste,10-20 SM,248.41,2945.11,1690.1,45.05,4928.67,0.91,Alto
261,3,2018,CE,Nordeste,2-5 SM,308.32,1979.67,1852.15,767.37,4907.51,15.64,Alto
262,3,2017,CE,Nordeste,Acima de 20 SM,1265.82,2326.36,79.86,479.02,4151.06,11.54,Alto
263,3,2018,RN,Nordeste,Até 2 SM,1302.3,1794.28,36.52,617.57,3750.67,16.47,Alto
264,3,2017,RN,Nordeste,Até 2 SM,861.36,991.1,616.7,584.06,3053.22,19.13,Alto
265,3,2018,RN,Nordeste,10-20 SM,68.42,1227.08,2217.67,136.01,3649.18,3.73,Alto
266,3,2018,RN,Nordeste,5-10 SM,699.92,2664.94,1870.68,774.2,6009.74,12.88,Muito Alto
267,3,2017,RN,Nordeste,2-5 SM,634.73,1692.61,2386.48,794.11,5507.93,14.42,Muito Alto
268,3,2018,RN,Nordeste,10-20 SM,1442.35,1726.02,139.32,478.19,3785.88,12.63,Alto
269,3,2017,RN,Nordeste,Até 2 SM,326.06,392.21,896.34,438.82,2053.43,21.37,Médio
270,3,2018,RN,Nordeste,10-20 SM,489.36,1531.13,2118.02,355.69,4494.2,7.91,Alto
271,3,2018,RN,Nordeste,5-10 SM,364.87,2973.64,221.33,792.82,4352.66,18.21,Alto
272,3,2018,RN,Nordeste,2-5 SM,413.17,497.89,718.28,596.63,2225.97,26.8,Médio
273,3,2018,RN,Nordeste,10-20 SM,1362.5,460.94,1516.4,450.29,3790.13,11.88,Alto
274,3,2017,RN,Nordeste,10-20 SM,331.92,2134.3,1456.23,750.79,4673.24,16.07,Alto
275,3,2018,RN,Nordeste,10-20 SM,175.44,2160.39,1920.96,371.27,4628.06,8.02,Alto
276,3,2018,RN,Nordeste,Acima de 20 SM,392.87,1268.69,1345.74,773.98,3781.28,20.47,Alto
277,3,2017,RN,Nordeste,Até 2 SM,1351.39,1134.53,2181.94,717.3,5385.16,13.32,Muito Alto
278,3,2017,RN,Nordeste,Acima de 20 SM,203.4,1929.86,1729.95,366.91,4230.12,8.67,Alto
279,3,2017,RN,Nordeste,5-10 SM,196.88,2984.19,204.12,428.66,3813.85,11.24,Alto
280,3,2017,RN,Nordeste,10-20 SM,1222.68,1548.26,508.37,444.78,3724.09,11.94,Alto
281,3,2018,RN,Nordeste,Até 2 SM,131.99,2690.75,1969.28,466.97,5258.99,8.88,Muito Alto
282,3,2017,RN,Nordeste,2-5 SM,721.88,734.91,2498.54,313.54,4268.87,7.34,Alto
283,3,2018,RN,Nordeste,Até 2 SM,76.54,989.3,2014.53,490.76,3571.13,13.74,Alto
284,3,2018,RN,Nordeste,Até 2 SM,282.75,543.21,182.84,128.04,1136.84,11.26,Médio
285,3,2017,RN,Nordeste,Acima de 20 SM,814.93,1580.17,1036.16,626.83,4058.09,15.45,Alto
286,3,2018,RN,Nordeste,Até 2 SM,1097.32,316.3,224.47,316.34,1954.43,16.19,Médio
287,3,2018,PB,Nordeste,10-20 SM,1205.68,2949.35,1910.63,223.09,6288.75,3.55,Muito Alto
288,3,2018,PB,Nordeste,10-20 SM,1344.49,1397.78,713.64,702.86,4158.77,16.9,Alto
289,3,2018,PB,Nordeste,Acima de 20 SM,969.25,2938.1,1291.83,424.03,5623.21,7.54,Muito Alto
290,3,2017,PB,Nordeste,Até 2 SM,1253.64,833.33,1909.13,473.9,4470.0,10.6,Alto
291,3,2017,PB,Nordeste,5-10 SM,706.97,1326.93,1033.98,363.53,3431.41,10.59,Alto
292,3,2017,PB,Nordeste,10-20 SM,827.23,139.06,632.72,777.23,2376.24,32.71,Médio
293,3,2017,PB,Nordeste,Até 2 SM,1374.55,2033.84,94.67,681.33,4184.39,16.28,Alto
294,3,2018,PB,Nordeste,Até 2 SM,1113.45,2614.27,463.61,159.01,4350.34,3.66,Alto
295,3,2018,PB,Nordeste,5-10 SM,760.92,2416.21,1373.25,309.83,4860.21,6.37,Alto
296,3,2018,PB,Nordeste,2-5 SM,882.47,2202.33,1646.99,71.16,4802.95,1.48,Alto
297,3,2017,PB,Nordeste,5-10 SM,163.55,221.44,87.42,640.72,1113.13,57.56,Médio
298,3,2017,PB,Nordeste,Acima de 20 SM,507.78,348.92,1173.98,431.45,2462.13,17.52,Médio
299,3,2018,PB,Nordeste,Acima de 20 SM,205.96,1202.53,235.57,247.31,1891.37,13.08,Médio
300,3,2017,PB,Nordeste,10-20 SM,1210.32,2923.99,1026.69,150.62,5311.62,2.84,Muito Alto
301,3,2018,PB,Nordeste,5-10 SM,699.81,1134.49,1718.85,53.06,3606.21,1.47,Alto
302,3,2018,PB,Nordeste,2-5 SM,284.62,2899.11,1961.94,51.75,5197.42,1.0,Muito Alto
303,3,2017,PB,Nordeste,Acima de 20 SM,983.16,1110.51,216.91,84.46,2395.04,3.53,Médio
304,3,2017,PB,Nordeste,10-20 SM,901.51,566.79,703.0,399.55,2570.85,15.54,Médio
305,3,2018,PE,Nordeste,5-10 SM,564.79,754.04,46.18,600.54,1965.55,30.55,Médio
306,3,2018,PE,Nordeste,10-20 SM,1152.75,633.98,1262.68,709.19,3758.6,18.87,Alto
307,3,2017,PE,Nordeste,Acima de 20 SM,234.6,160.66,192.37,746.45,1334.08,55.95,Médio
308,3,2017,PE,Nordeste,10-20 SM,191.3,1405.23,1493.89,495.33,3585.75,13.81,Alto
309,3,2018,PE,Nordeste,5-10 SM,1312.68,2956.45,39.28,757.64,5066.05,14.96,Muito Alto
310,3,2018,PE,Nordeste,Até 2 SM,333.65,1788.45,672.51,190.55,2985.16,6.38,Médio
311,3,2018,PE,Nordeste,5-10 SM,491.48,2450.06,1350.57,467.9,4760.01,9.83,Alto
312,3,2017,PE,Nordeste,10-20 SM,1494.5,370.44,2466.33,646.48,4977.75,12.99,Alto
313,3,2017,PE,Nordeste,5-10 SM,976.31,2480.94,1644.44,216.88,5318.57,4.08,Muito Alto
314,3,2018,PE,Nordeste,2-5 SM,760.83,1668.58,1207.0,506.88,4143.29,12.23,Alto
315,3,2018,PE,Nordeste,2-5 SM,996.11,1597.83,73.03,160.65,2827.62,5.68,Médio
316,3,2017,PE,Nordeste,5-10 SM,259.01,2190.88,1746.5,681.52,4877.91,13.97,Alto
317,3,2017,PE,Nordeste,Acima de 20 SM,1408.92,2439.17,338.78,195.64,4382.51,4.46,Alto
318,3,2017,PE,Nordeste,5-10 SM,464.66,400.7,1971.67,792.26,3629.29,21.83,Alto
319,3,2017,PE,Nordeste,2-5 SM,933.52,1160.0,1046.55,592.46,3732.53,15.87,Alto
320,3,2018,PE,Nordeste,Acima de 20 SM,1309.6,2521.58,1997.42,380.56,6209.16,6.13,Muito Alto
321,3,2017,PE,Nordeste,Acima de 20 SM,346.82,1244.66,1783.14,86.43,3461.05,2.5,Alto
322,3,2018,PE,Nordeste,5-10 SM,317.51,1895.52,255.36,683.57,3151.96,21.69,Alto
323,3,2017,PE,Nordeste,5-10 SM,137.81,705.14,1199.02,582.53,2624.5,22.2,Médio
324,3,2017,PE,Nordeste,10-20 SM,941.04,617.49,1219.69,382.34,3160.56,12.1,Alto
325,3,2017,PE,Nordeste,Acima de 20 SM,450.46,2901.53,1281.67,296.86,4930.52,6.02,Alto
326,3,2018,PE,Nordeste,10-20 SM,799.5,1857.85,1062.15,108.54,3828.04,2.84,Alto
327,3,2017,PE,Nordeste,2-5 SM,634.96,168.18,642.48,282.35,1727.97,16.34,Médio
328,3,2017,PE,Nordeste,5-10 SM,1358.61,2165.9,1044.18,134.46,4703.15,2.86,Alto
329,3,2017,PE,Nordeste,2-5 SM,1083.73,2413.91,1437.53,693.94,5629.11,12.33,Muito Alto
330,3,2018,PE,Nordeste,Acima de 20 SM,1031.63,2044.77,1700.98,363.38,5140.76,7.07,Muito Alto
331,3,2017,PE,Nordeste,Até 2 SM,1157.34,1478.15,1967.88,342.54,4945.91,6.93,Alto
332,3,2018,PE,Nordeste,5-10 SM,83.59,2963.3,1789.82,253.62,5090.33,4.98,Muito Alto
333,3,2017,PE,Nordeste,2-5 SM,858.97,2123.09,1433.32,757.74,5173.12,14.65,Muito Alto
334,3,2018,PE,Nordeste,10-20 SM,562.67,2331.51,595.7,362.32,3852.2,9.41,Alto
335,3,2018,PE,Nordeste,10-20 SM,885.78,2154.51,148.63,202.71,3391.63,5.98,Alto
336,3,2018,PE,Nordeste,Até 2 SM,1325.41,1857.93,546.49,388.92,4118.75,9.44,Alto
337,3,2018,PE,Nordeste,Até 2 SM,153.34,2406.05,1298.8,648.22,4506.41,14.38,Alto
338,3,2017,PE,Nordeste,5-10 SM,292.85,1681.03,157.6,266.85,2398.33,11.13,Médio
339,3,2017,PE,Nordeste,Até 2 SM,1430.68,131.3,1397.09,477.09,3436.16,13.88,Alto
340,3,2018,PE,Nordeste,Até 2 SM,128.43,694.58,1528.34,472.48,2823.83,16.73,Médio
341,3,2017,PE,Nordeste,10-20 SM,429.43,1317.1,2152.21,235.74,4134.48,5.7,Alto
342,3,2017,PE,Nordeste,2-5 SM,422.89,828.97,283.72,169.41,1704.99,9.94,Médio
343,3,2018,PE,Nordeste,Até 2 SM,1409.42,2507.5,1258.91,376.76,5552.59,6.79,Muito Alto
344,3,2017,PE,Nordeste,Até 2 SM,280.94,1730.74,674.01,685.39,3371.08,20.33,Alto
345,3,2017,AL,Nordeste,Até 2 SM,681.46,1107.82,2216.56,44.55,4050.39,1.1,Alto
346,3,2017,AL,Nordeste,5-10 SM,888.79,1070.53,209.46,540.21,2708.99,19.94,Médio
347,3,2018,AL,Nordeste,10-20 SM,525.73,854.66,1905.7,350.34,3636.43,9.63,Alto
348,3,2018,AL,Nordeste,2-5 SM,865.6,1940.79,2286.75,786.12,5879.26,13.37,Muito Alto
349,3,2018,AL,Nordeste,Até 2 SM,400.88,1758.41,1967.14,440.66,4567.09,9.65,Alto
350,3,2017,AL,Nordeste,Até 2 SM,585.32,1169.25,1959.31,431.63,4145.51,10.41,Alto
351,3,2018,AL,Nordeste,5-10 SM,808.16,1659.15,926.8,450.96,3845.07,11.73,Alto
352,3,2018,AL,Nordeste,5-10 SM,1211.57,2740.94,2151.17,145.17,6248.85,2.32,Muito Alto
353,3,2018,AL,Nordeste,Acima de 20 SM,1152.15,2917.72,2472.35,129.62,6671.84,1.94,Muito Alto
354,3,2017,AL,Nordeste,Acima de 20 SM,1183.01,1473.14,2476.95,167.53,5300.63,3.16,Muito Alto
355,3,2018,AL,Nordeste,Até 2 SM,382.08,2949.63,2146.25,182.83,5660.79,3.23,Muito Alto
356,3,2018,AL,Nordeste,10-20 SM,945.96,492.75,473.52,709.89,2622.12,27.07,Médio
357,3,2018,AL,Nordeste,Até 2 SM,1137.29,1977.1,895.03,73.32,4082.74,1.8,Alto
358,3,2017,AL,Nordeste,5-10 SM,105.52,816.55,2326.58,719.74,3968.39,18.14,Alto
359,3,2018,AL,Nordeste,Até 2 SM,1070.38,1870.92,235.14,781.04,3957.48,19.74,Alto
360,3,2017,AL,Nordeste,5-10 SM,1098.28,1356.25,1748.29,130.73,4333.55,3.02,Alto
361,3,2018,AL,Nordeste,5-10 SM,1466.84,1531.48,153.64,600.68,3752.64,16.01,Alto
362,3,2017,AL,Nordeste,10-20 SM,1449.57,519.63,2001.84,187.46,4158.5,4.51,Alto
363,3,2018,AL,Nordeste,10-20 SM,413.29,461.85,1546.02,410.04,2831.2,14.48,Médio
364,3,2017,AL,Nordeste,Até 2 SM,1013.71,934.01,2315.81,662.08,4925.61,13.44,Alto
365,3,2018,AL,Nordeste,5-10 SM,1090.32,195.29,225.76,634.75,2146.12,29.58,Médio
366,3,2018,AL,Nordeste,5-10 SM,1322.27,1312.87,1282.48,566.35,4483.97,12.63,Alto
367,3,2017,AL,Nordeste,10-20 SM,1110.2,2596.55,94.79,703.87,4505.41,15.62,Alto
368,3,2017,AL,Nordeste,5-10 SM,1362.28,2989.36,1515.64,241.06,6108.34,3.95,Muito Alto
369,3,2018,AL,Nordeste,2-5 SM,896.08,2061.1,1889.46,452.87,5299.51,8.55,Muito Alto
370,3,2017,AL,Nordeste,Acima de 20 SM,294.6,2437.65,822.23,499.33,4053.81,12.32,Alto
371,3,2017,AL,Nordeste,10-20 SM,714.59,181.81,2271.45,357.0,3524.85,10.13,Alto
372,3,2018,AL,Nordeste,10-20 SM,487.05,1643.66,1927.74,410.68,4469.13,9.19,Alto
373,3,2018,AL,Nordeste,5-10 SM,494.53,1077.48,2023.83,161.81,3757.65,4.31,Alto
374,3,2017,AL,Nordeste,10-20 SM,1141.22,1525.34,272.9,476.44,3415.9,13.95,Alto
375,3,2017,AL,Nordeste,Acima de 20 SM,212.78,1307.94,485.07,235.95,2241.74,10.53,Médio
376,3,2017,SE,Nordeste,2-5 SM,781.01,965.43,1216.67,556.01,3519.12,15.8,Alto
377,3,2017,SE,Nordeste,10-20 SM,136.16,522.54,907.36,415.64,1981.7,20.97,Médio
378,3,2017,SE,Nordeste,10-20 SM,1078.71,2031.57,1855.27,211.35,5176.9,4.08,Muito Alto
379,3,2018,SE,Nordeste,Até 2 SM,1085.06,2166.65,1215.06,186.56,4653.33,4.01,Alto
380,3,2017,SE,Nordeste,Até 2 SM,1279.78,2190.83,41.22,158.65,3670.48,4.32,Alto
381,3,2018,SE,Nordeste,10-20 SM,229.42,956.22,240.25,533.03,1958.92,27.21,Médio
382,3,2018,SE,Nordeste,2-5 SM,768.44,2026.11,2458.2,234.02,5486.77,4.27,Muito Alto
383,3,2017,SE,Nordeste,Acima de 20 SM,301.42,2630.51,2487.75,512.81,5932.49,8.64,Muito Alto
384,3,2018,SE,Nordeste,Até 2 SM,740.23,2669.36,1241.51,278.79,4929.89,5.66,Alto
385,3,2018,SE,Nordeste,Até 2 SM,1418.48,2113.87,841.44,776.74,5150.53,15.08,Muito Alto
386,3,2017,SE,Nordeste,2-5 SM,418.92,2002.42,2419.66,440.98,5281.98,8.35,Muito Alto
387,3,2018,SE,Nordeste,5-10 SM,181.79,1327.77,570.4,564.34,2644.3,21.34,Médio
388,3,2017,SE,Nordeste,5-10 SM,666.38,392.71,703.41,687.33,2449.83,28.06,Médio
389,3,2018,SE,Nordeste,2-5 SM,1300.16,504.15,1964.75,421.0,4190.06,10.05,Alto
390,3,2017,SE,Nordeste,Acima de 20 SM,225.83,139.24,179.51,284.69,829.27,34.33,Baixo
391,3,2018,SE,Nordeste,2-5 SM,1473.45,628.56,763.69,128.86,2994.56,4.3,Médio
392,3,2017,SE,Nordeste,5-10 SM,102.23,2629.42,1772.8,78.96,4583.41,1.72,Alto
393,3,2018,SE,Nordeste,10-20 SM,796.02,1294.17,1518.05,484.73,4092.97,11.84,Alto
394,3,2017,SE,Nordeste,2-5 SM,317.31,2129.72,2086.18,744.72,5277.93,14.11,Muito Alto
395,3,2017,SE,Nordeste,10-20 SM,1258.39,2477.87,2082.12,208.1,6026.48,3.45,Muito Alto
396,3,2018,SE,Nordeste,Até 2 SM,1230.18,1073.75,2429.38,785.12,5518.43,14.23,Muito Alto
397,3,2018,SE,Nordeste,2-5 SM,1101.1,274.09,402.42,641.19,2418.8,26.51,Médio
398,3,2017,SE,Nordeste,10-20 SM,270.3,1132.9,1973.36,557.44,3934.0,14.17,Alto
399,3,2018,SE,Nordeste,5-10 SM,1386.19,1354.55,2273.62,547.72,5562.08,9.85,Muito Alto
400,3,2017,SE,Nordeste,Até 2 SM,1391.79,2164.7,1373.52,59.77,4989.78,1.2,Alto
401,3,2017,SE,Nordeste,Acima de 20 SM,567.34,1413.32,534.09,350.86,2865.61,12.24,Médio
402,3,2018,BA,Nordeste,10-20 SM,840.92,1395.16,2082.47,785.44,5103.99,15.39,Muito Alto
403,3,2018,BA,Nordeste,2-5 SM,314.89,1534.86,2434.23,449.7,4733.68,9.5,Alto
404,3,2017,BA,Nordeste,Até 2 SM,1375.91,1834.11,1689.19,103.8,5003.01,2.07,Muito Alto
405,3,2017,BA,Nordeste,Acima de 20 SM,230.76,1104.72,1549.88,503.74,3389.1,14.86,Alto
406,3,2018,BA,Nordeste,10-20 SM,722.62,1805.09,2425.63,505.59,5458.93,9.26,Muito Alto
407,3,2017,BA,Nordeste,5-10 SM,722.3,250.2,1534.31,234.05,2740.86,8.54,Médio
408,3,2018,BA,Nordeste,Acima de 20 SM,424.79,1315.73,1853.4,736.61,4330.53,17.01,Alto
409,3,2018,BA,Nordeste,10-20 SM,678.52,1474.54,1782.53,551.9,4487.49,12.3,Alto
410,3,2018,BA,Nordeste,2-5 SM,1146.7,2062.64,1203.68,207.93,4620.95,4.5,Alto
411,3,2018,BA,Nordeste,2-5 SM,1424.98,2314.69,671.78,155.83,4567.28,3.41,Alto
412,3,2017,BA,Nordeste,10-20 SM,720.15,1480.69,102.5,475.39,2778.73,17.11,Médio
413,3,2017,BA,Nordeste,Até 2 SM,1479.97,2395.57,2164.06,309.69,6349.29,4.88,Muito Alto
414,3,2018,BA,Nordeste,10-20 SM,765.29,2417.23,1335.06,328.27,4845.85,6.77,Alto
415,3,2017,BA,Nordeste,2-5 SM,1226.86,2947.88,1623.7,733.85,6532.29,11.23,Muito Alto
416,3,2017,BA,Nordeste,5-10 SM,345.9,689.79,683.44,634.35,2353.48,26.95,Médio
417,3,2017,BA,Nordeste,Até 2 SM,188.45,1067.87,1302.05,637.95,3196.32,19.96,Alto
418,3,2017,BA,Nordeste,10-20 SM,1093.91,1023.53,775.82,349.38,3242.64,10.77,Alto
419,3,2017,BA,Nordeste,10-20 SM,509.9,1850.32,1785.5,109.38,4255.1,2.57,Alto
420,3,2017,BA,Nordeste,Até 2 SM,743.73,2604.57,1233.87,307.98,4890.15,6.3,Alto
421,3,2018,BA,Nordeste,5-10 SM,679.57,2685.69,66.4,388.63,3820.29,10.17,Alto
422,3,2018,BA,Nordeste,10-20 SM,188.08,321.44,2167.11,791.21,3467.84,22.82,Alto
423,3,2018,BA,Nordeste,Até 2 SM,443.26,276.58,1464.62,442.93,2627.39,16.86,Médio
424,3,2018,BA,Nordeste,2-5 SM,865.81,1903.32,560.03,551.19,3880.35,14.2,Alto
425,3,2017,BA,Nordeste,10-20 SM,661.45,1945.24,1947.66,448.19,5002.54,8.96,Muito Alto
426,3,2018,BA,Nordeste,10-20 SM,838.64,274.11,322.02,694.17,2128.94,32.61,Médio
427,3,2017,BA,Nordeste,Acima de 20 SM,234.34,1511.62,1789.46,344.41,3879.83,8.88,Alto
428,3,2017,BA,Nordeste,Acima de 20 SM,1417.01,1880.19,956.78,785.26,5039.24,15.58,Muito Alto
429,3,2018,BA,Nordeste,Acima de 20 SM,169.42,181.52,490.52,405.91,1247.37,32.54,Médio
430,3,2017,BA,Nordeste,5-10 SM,1210.44,1475.06,1618.15,761.46,5065.11,15.03,Muito Alto
431,3,2017,BA,Nordeste,5-10 SM,1039.38,2469.14,681.4,405.15,4595.07,8.82,Alto
432,3,2017,BA,Nordeste,Acima de 20 SM,1249.25,2990.04,1444.84,271.82,5955.95,4.56,Muito Alto
433,3,2018,BA,Nordeste,Acima de 20 SM,1048.34,2069.81,1104.72,432.0,4654.87,9.28,Alto
434,3,2017,BA,Nordeste,Acima de 20 SM,1037.43,1866.49,497.15,209.54,3610.61,5.8,Alto
435,3,2017,BA,Nordeste,Acima de 20 SM,261.08,559.03,2428.02,72.45,3320.58,2.18,Alto
436,3,2018,BA,Nordeste,Até 2 SM,826.32,2208.81,1201.84,240.94,4477.91,5.38,Alto
437,3,2018,BA,Nordeste,Até 2 SM,1118.38,544.95,1982.86,572.84,4219.03,13.58,Alto
438,3,2017,BA,Nordeste,2-5 SM,1375.49,2125.22,13.94,349.42,3864.07,9.04,Alto
439,3,2017,BA,Nordeste,10-20 SM,1255.12,2237.45,1817.14,169.59,5479.3,3.1,Muito Alto
440,3,2018,BA,Nordeste,2-5 SM,349.8,2754.71,2128.3,719.01,5951.82,12.08,Muito Alto
441,3,2018,MG,Sudeste,Até 2 SM,1020.69,936.12,1478.17,462.51,3897.49,11.87,Alto
442,3,2018,MG,Sudeste,Até 2 SM,1430.03,2172.95,2144.35,332.46,6079.79,5.47,Muito Alto
443,3,2017,MG,Sudeste,2-5 SM,710.98,2305.98,2264.64,593.8,5875.4,10.11,Muito Alto
444,3,2017,MG,Sudeste,10-20 SM,728.76,1301.39,1369.23,350.64,3750.02,9.35,Alto
445,3,2018,MG,Sudeste,Até 2 SM,223.41,2139.55,2060.06,645.44,5068.46,12.73,Muito Alto
446,3,2017,MG,Sudeste,5-10 SM,803.19,477.65,349.01,128.95,1758.8,7.33,Médio
447,3,2017,MG,Sudeste,2-5 SM,57.11,2239.66,1258.92,589.11,4144.8,14.21,Alto
448,3,2018,MG,Sudeste,10-20 SM,1481.95,1536.63,2486.53,450.63,5955.74,7.57,Muito Alto
449,3,2017,MG,Sudeste,5-10 SM,758.44,1836.56,108.45,712.39,3415.84,20.86,Alto
450,3,2017,MG,Sudeste,2-5 SM,1405.66,187.74,351.58,502.69,2447.67,20.54,Médio
451,3,2017,MG,Sudeste,Até 2 SM,284.35,350.52,2226.45,465.95,3327.27,14.0,Alto
452,3,2017,MG,Sudeste,2-5 SM,1058.31,2485.24,19.55,711.99,4275.09,16.65,Alto
453,3,2017,MG,Sudeste,2-5 SM,90.96,2525.35,1521.91,388.98,4527.2,8.59,Alto
454,3,2018,MG,Sudeste,5-10 SM,664.56,2943.07,1624.99,522.61,5755.23,9.08,Muito Alto
455,3,2018,MG,Sudeste,5-10 SM,559.86,1496.08,2285.64,155.7,4497.28,3.46,Alto
456,3,2018,MG,Sudeste,Até 2 SM,1296.83,1302.96,1825.96,417.41,4843.16,8.62,Alto
457,3,2018,MG,Sudeste,10-20 SM,421.58,301.03,1242.08,551.98,2516.67,21.93,Médio
458,3,2017,MG,Sudeste,10-20 SM,1036.36,2512.54,524.07,724.85,4797.82,15.11,Alto
459,3,2017,ES,Sudeste,5-10 SM,725.0,166.14,1738.93,488.5,3118.57,15.66,Alto
460,3,2017,ES,Sudeste,Acima de 20 SM,1495.38,1811.47,1455.66,386.83,5149.34,7.51,Muito Alto
461,3,2017,ES,Sudeste,10-20 SM,1105.27,130.78,16.41,545.01,1797.47,30.32,Médio
462,3,2018,ES,Sudeste,10-20 SM,646.51,1820.04,1991.33,655.51,5113.39,12.82,Muito Alto
463,3,2017,ES,Sudeste,2-5 SM,199.55,1124.74,2458.38,467.01,4249.68,10.99,Alto
464,3,2017,ES,Sudeste,10-20 SM,1022.45,2130.53,100.46,342.64,3596.08,9.53,Alto
465,3,2018,ES,Sudeste,2-5 SM,1442.29,627.08,1065.94,226.15,3361.46,6.73,Alto
466,3,2017,ES,Sudeste,10-20 SM,575.26,1533.05,1439.95,117.03,3665.29,3.19,Alto
467,3,2018,ES,Sudeste,5-10 SM,975.52,2650.3,288.37,785.52,4699.71,16.71,Alto
468,3,2017,ES,Sudeste,10-20 SM,983.01,394.63,2083.03,134.79,3595.46,3.75,Alto
469,3,2017,ES,Sudeste,2-5 SM,1207.24,2242.18,2337.74,223.45,6010.61,3.72,Muito Alto
470,3,2018,ES,Sudeste,2-5 SM,814.02,1624.96,501.3,160.12,3100.4,5.16,Alto
471,3,2018,ES,Sudeste,Até 2 SM,190.1,193.31,1145.53,794.53,2323.47,34.2,Médio
472,3,2017,ES,Sudeste,10-20 SM,338.26,1595.17,730.68,241.05,2905.16,8.3,Médio
473,3,2017,ES,Sudeste,5-10 SM,578.0,2214.01,1623.84,207.77,4623.62,4.49,Alto
474,3,2018,ES,Sudeste,Acima de 20 SM,133.33,1303.35,517.06,528.12,2481.86,21.28,Médio
475,3,2017,ES,Sudeste,5-10 SM,1137.64,2336.18,470.58,174.7,4119.1,4.24,Alto
476,3,2017,ES,Sudeste,Acima de 20 SM,277.66,838.38,1489.07,273.43,2878.54,9.5,Médio
477,3,2018,ES,Sudeste,Acima de 20 SM,447.71,2798.59,188.31,642.75,4077.36,15.76,Alto
478,3,2018,RJ,Sudeste,2-5 SM,342.87,2207.83,96.56,320.88,2968.14,10.81,Médio
479,3,2018,RJ,Sudeste,2-5 SM,620.85,618.91,1288.66,582.73,3111.15,18.73,Alto
480,3,2017,RJ,Sudeste,10-20 SM,63.96,2139.95,2450.12,211.59,4865.62,4.35,Alto
481,3,2018,RJ,Sudeste,Acima de 20 SM,108.43,1330.58,840.18,212.1,2491.29,8.51,Médio
482,3,2018,RJ,Sudeste,10-20 SM,1274.48,836.98,158.78,576.72,2846.96,20.26,Médio
483,3,2017,RJ,Sudeste,Acima de 20 SM,1109.37,2937.05,1585.07,404.28,6035.77,6.7,Muito Alto
484,3,2017,RJ,Sudeste,2-5 SM,251.93,2674.09,1378.05,302.17,4606.24,6.56,Alto
485,3,2018,RJ,Sudeste,2-5 SM,1492.9,978.13,1807.4,694.28,4972.71,13.96,Alto
486,3,2018,RJ,Sudeste,5-10 SM,868.88,624.31,1014.66,604.57,3112.42,19.42,Alto
487,3,2017,RJ,Sudeste,Acima de 20 SM,691.02,1706.36,1993.43,673.04,5063.85,13.29,Muito Alto
488,3,2017,RJ,Sudeste,10-20 SM,1261.94,2433.7,1916.73,437.38,6049.75,7.23,Muito Alto
489,3,2017,RJ,Sudeste,10-20 SM,1251.37,2353.51,1381.03,515.84,5501.75,9.38,Muito Alto
490,3,2018,RJ,Sudeste,Até 2 SM,960.59,2735.98,868.96,5.06,4570.59,0.11,Alto
491,3,2017,RJ,Sudeste,Acima de 20 SM,784.24,2240.44,1172.15,113.53,4310.36,2.63,Alto
492,3,2018,RJ,Sudeste,5-10 SM,71.88,1370.33,1759.92,719.65,3921.78,18.35,Alto
493,3,2018,SP,Sudeste,5-10 SM,1048.01,2425.41,49.93,385.02,3908.37,9.85,Alto
494,3,2017,SP,Sudeste,5-10 SM,1039.5,1125.09,2061.07,449.19,4674.85,9.61,Alto
495,3,2018,SP,Sudeste,5-10 SM,1121.76,1921.98,1817.31,395.83,5256.88,7.53,Muito Alto
496,3,2017,SP,Sudeste,10-20 SM,1320.5,1583.71,815.02,291.97,4011.2,7.28,Alto
497,3,2018,SP,Sudeste,Até 2 SM,1091.61,1606.61,702.26,718.24,4118.72,17.44,Alto
498,3,2018,SP,Sudeste,2-5 SM,1237.69,754.71,1018.76,168.05,3179.21,5.29,Alto
499,3,2017,SP,Sudeste,2-5 SM,863.08,1955.5,1845.49,543.87,5207.94,10.44,Muito Alto
500,3,2018,SP,Sudeste,10-20 SM,369.02,2995.29,525.25,304.37,4193.93,7.26,Alto
501,3,2018,SP,Sudeste,2-5 SM,1108.48,306.56,1050.54,712.46,3178.04,22.42,Alto
502,3,2018,SP,Sudeste,2-5 SM,1205.25,2255.11,2069.4,95.52,5625.28,1.7,Muito Alto
503,3,2018,SP,Sudeste,2-5 SM,415.32,2759.13,632.88,368.36,4175.69,8.82,Alto
504,3,2017,SP,Sudeste,10-20 SM,266.83,1969.69,119.88,561.51,2917.91,19.24,Médio
505,3,2018,SP,Sudeste,10-20 SM,1199.55,1090.37,1362.79,236.27,3888.98,6.08,Alto
506,3,2018,SP,Sudeste,Acima de 20 SM,674.39,2946.9,79.2,506.57,4207.06,12.04,Alto
507,3,2017,SP,Sudeste,10-20 SM,1215.75,657.0,2070.01,431.93,4374.69,9.87,Alto
508,3,2018,SP,Sudeste,5-10 SM,1363.92,1522.43,541.15,724.97,4152.47,17.46,Alto
509,3,2018,SP,Sudeste,10-20 SM,881.69,983.75,2079.95,736.62,4682.01,15.73,Alto
510,3,2017,PR,Sul,Até 2 SM,1229.96,2405.04,2399.07,241.75,6275.82,3.85,Muito Alto
511,3,2018,PR,Sul,10-20 SM,473.81,2469.91,321.58,66.77,3332.07,2.0,Alto
512,3,2018,PR,Sul,5-10 SM,171.25,2529.95,1445.84,32.08,4179.12,0.77,Alto
513,3,2018,PR,Sul,5-10 SM,562.26,1422.87,2200.87,516.94,4702.94,10.99,Alto
514,3,2017,PR,Sul,2-5 SM,1201.88,2872.66,2292.09,240.7,6607.33,3.64,Muito Alto
515,3,2018,PR,Sul,Até 2 SM,64.95,2301.65,1385.17,754.49,4506.26,16.74,Alto
516,3,2018,PR,Sul,Acima de 20 SM,409.77,197.53,2263.77,632.91,3503.98,18.06,Alto
517,3,2017,PR,Sul,Até 2 SM,1300.3,1013.37,1197.25,121.66,3632.58,3.35,Alto
518,3,2018,PR,Sul,2-5 SM,738.07,2025.46,159.75,59.7,2982.98,2.0,Médio
519,3,2018,PR,Sul,2-5 SM,671.62,2715.3,143.89,308.2,3839.01,8.03,Alto
520,3,2018,PR,Sul,5-10 SM,676.55,2200.68,2338.08,43.59,5258.9,0.83,Muito Alto
521,3,2018,PR,Sul,5-10 SM,1242.0,1150.26,2149.37,113.54,4655.17,2.44,Alto
522,3,2017,PR,Sul,Até 2 SM,787.57,2413.76,943.06,440.83,4585.22,9.61,Alto
523,3,2018,PR,Sul,10-20 SM,334.99,1376.05,1119.13,325.87,3156.04,10.33,Alto
524,3,2017,PR,Sul,Acima de 20 SM,78.73,2214.62,1784.4,233.48,4311.23,5.42,Alto
525,3,2018,PR,Sul,Até 2 SM,638.49,1357.18,1660.25,150.58,3806.5,3.96,Alto
526,3,2018,PR,Sul,2-5 SM,891.18,2313.37,2367.44,253.4,5825.39,4.35,Muito Alto
527,3,2018,PR,Sul,Acima de 20 SM,359.17,430.95,1408.31,727.51,2925.94,24.86,Médio
528,3,2018,PR,Sul,Acima de 20 SM,1076.56,591.38,1465.68,770.79,3904.41,19.74,Alto
529,3,2018,PR,Sul,10-20 SM,643.49,1856.55,2245.94,356.98,5102.96,7.0,Muito Alto
530,3,2017,SC,Sul,Acima de 20 SM,507.08,772.43,1687.58,583.8,3550.89,16.44,Alto
531,3,2017,SC,Sul,Até 2 SM,380.6,1761.07,1653.47,655.68,4450.82,14.73,Alto
532,3,2017,SC,Sul,5-10 SM,726.87,766.63,946.41,639.93,3079.84,20.78,Alto
533,3,2017,SC,Sul,Acima de 20 SM,392.82,2430.0,903.91,786.73,4513.46,17.43,Alto
534,3,2017,SC,Sul,2-5 SM,724.65,2208.45,1390.66,411.87,4735.63,8.7,Alto
535,3,2018,SC,Sul,5-10 SM,1381.88,1474.57,2332.7,716.14,5905.29,12.13,Muito Alto
536,3,2018,SC,Sul,10-20 SM,736.55,209.51,654.22,738.12,2338.4,31.57,Médio
537,3,2017,SC,Sul,10-20 SM,233.21,2379.97,1285.61,446.63,4345.42,10.28,Alto
538,3,2017,SC,Sul,Até 2 SM,429.81,1234.62,463.32,175.58,2303.33,7.62,Médio
539,3,2017,SC,Sul,Acima de 20 SM,495.39,1410.41,909.2,352.54,3167.54,11.13,Alto
540,3,2017,SC,Sul,5-10 SM,1487.09,1603.74,649.44,346.81,4087.08,8.49,Alto
541,3,2017,SC,Sul,2-5 SM,123.27,1004.14,185.14,438.03,1750.58,25.02,Médio
542,3,2018,SC,Sul,Até 2 SM,1028.46,1918.52,1196.7,297.87,4441.55,6.71,Alto
543,3,2017,SC,Sul,2-5 SM,1123.7,2282.98,1124.34,714.98,5246.0,13.63,Muito Alto
544,3,2017,SC,Sul,2-5 SM,208.41,1375.65,574.29,3.45,2161.8,0.16,Médio
545,3,2018,SC,Sul,Acima de 20 SM,707.74,1969.59,811.03,518.42,4006.78,12.94,Alto
546,3,2018,SC,Sul,Até 2 SM,1092.63,303.1,1387.96,549.93,3333.62,16.5,Alto
547,3,2018,SC,Sul,Até 2 SM,234.48,2510.35,354.35,185.28,3284.46,5.64,Alto
548,3,2018,SC,Sul,Até 2 SM,265.95,1739.81,2079.3,150.85,4235.91,3.56,Alto
549,3,2018,SC,Sul,10-20 SM,674.04,546.66,653.84,716.78,2591.32,27.66,Médio
550,3,2017,SC,Sul,Até 2 SM,234.4,400.17,1901.64,745.93,3282.14,22.73,Alto
551,3,2017,SC,Sul,Acima de 20 SM,928.45,495.38,1220.84,18.43,2663.1,0.69,Médio
552,3,2018,SC,Sul,10-20 SM,1208.13,2726.28,1933.51,295.72,6163.64,4.8,Muito Alto
553,3,2018,SC,Sul,2-5 SM,1310.96,2172.72,2059.63,488.74,6032.05,8.1,Muito Alto
554,3,2018,SC,Sul,5-10 SM,902.79,2913.93,2120.52,256.92,6194.16,4.15,Muito Alto
555,3,2017,SC,Sul,10-20 SM,84.52,985.16,2131.16,587.19,3788.03,15.5,Alto
556,3,2018,SC,Sul,2-5 SM,1220.53,2175.75,1843.18,605.27,5844.73,10.36,Muito Alto
557,3,2017,SC,Sul,10-20 SM,791.04,1394.39,1060.68,360.48,3606.59,10.0,Alto
558,3,2018,SC,Sul,5-10 SM,151.79,798.51,118.15,546.97,1615.42,33.86,Médio
559,3,2018,SC,Sul,5-10 SM,1440.59,2938.8,1442.59,456.62,6278.6,7.27,Muito Alto
560,3,2018,SC,Sul,Acima de 20 SM,366.29,1076.15,1335.86,357.92,3136.22,11.41,Alto
561,3,2017,SC,Sul,5-10 SM,1387.02,2356.84,942.38,480.15,5166.39,9.29,Muito Alto
562,3,2017,SC,Sul,Até 2 SM,1444.86,530.8,652.92,636.49,3265.07,19.49,Alto
563,3,2017,SC,Sul,5-10 SM,1204.0,2810.82,890.63,340.26,5245.71,6.49,Muito Alto
564,3,2017,SC,Sul,2-5 SM,877.93,2404.78,1318.81,20.81,4622.33,0.45,Alto
565,3,2017,SC,Sul,Acima de 20 SM,954.39,1006.66,1683.22,511.87,4156.14,12.32,Alto
566,3,2017,RS,Sul,Acima de 20 SM,349.83,2322.18,493.11,558.57,3723.69,15.0,Alto
567,3,2018,RS,Sul,10-20 SM,716.07,1034.52,1392.68,678.44,3821.71,17.75,Alto
568,3,2018,RS,Sul,5-10 SM,238.3,1424.29,1831.58,136.19,3630.36,3.75,Alto
569,3,2018,RS,Sul,5-10 SM,381.87,2539.92,1365.49,517.91,4805.19,10.78,Alto
570,3,2018,RS,Sul,5-10 SM,844.54,304.55,1736.72,27.02,2912.83,0.93,Médio
571,3,2017,RS,Sul,5-10 SM,718.55,2600.08,1335.73,550.76,5205.12,10.58,Muito Alto
572,3,2017,RS,Sul,Até 2 SM,444.08,364.68,167.2,714.95,1690.91,42.28,Médio
573,3,2018,RS,Sul,Até 2 SM,992.96,2875.13,78.47,473.71,4420.27,10.72,Alto
574,3,2018,RS,Sul,Acima de 20 SM,881.82,2209.16,2210.32,499.19,5800.49,8.61,Muito Alto
575,3,2018,RS,Sul,10-20 SM,1255.89,2633.52,1866.01,345.14,6100.56,5.66,Muito Alto
576,3,2017,RS,Sul,10-20 SM,1361.17,2976.89,861.16,752.26,5951.48,12.64,Muito Alto
577,3,2018,RS,Sul,5-10 SM,769.29,1905.94,252.42,659.11,3586.76,18.38,Alto
578,3,2018,RS,Sul,2-5 SM,835.66,2531.02,324.47,733.61,4424.76,16.58,Alto
579,3,2018,RS,Sul,5-10 SM,883.5,2858.59,393.31,181.75,4317.15,4.21,Alto
580,3,2017,RS,Sul,Acima de 20 SM,1081.06,1636.9,263.32,13.7,2994.98,0.46,Médio
581,3,2018,RS,Sul,Acima de 20 SM,440.79,2015.56,1703.78,745.78,4905.91,15.2,Alto
582,3,2018,RS,Sul,Acima de 20 SM,1383.31,572.74,1021.89,346.39,3324.33,10.42,Alto
583,3,2017,RS,Sul,2-5 SM,506.22,1336.18,566.38,79.92,2488.7,3.21,Médio
584,3,2018,RS,Sul,10-20 SM,1127.83,2670.94,1623.04,40.21,5462.02,0.74,Muito Alto
585,3,2018,RS,Sul,Acima de 20 SM,769.62,439.29,260.53,530.69,2000.13,26.53,Médio
586,3,2018,RS,Sul,Até 2 SM,949.45,1444.55,479.4,23.01,2896.41,0.79,Médio
587,3,2018,RS,Sul,10-20 SM,911.26,2986.68,888.53,23.33,4809.8,0.49,Alto
588,3,2017,RS,Sul,Acima de 20 SM,1086.87,1571.58,1753.79,495.12,4907.36,10.09,Alto
589,3,2017,RS,Sul,2-5 SM,1307.25,1116.04,1239.04,519.71,4182.04,12.43,Alto
590,3,2018,MS,Centro-Oeste,2-5 SM,132.46,1258.14,129.81,400.06,1920.47,20.83,Médio
591,3,2017,MS,Centro-Oeste,Acima de 20 SM,1370.04,2268.54,1753.25,655.88,6047.71,10.85,Muito Alto
592,3,2017,MS,Centro-Oeste,10-20 SM,881.6,324.55,995.84,678.4,2880.39,23.55,Médio
593,3,2017,MS,Centro-Oeste,Até 2 SM,563.54,2479.48,851.65,288.01,4182.68,6.89,Alto
594,3,2017,MS,Centro-Oeste,2-5 SM,715.14,707.43,2422.1,367.45,4212.12,8.72,Alto
595,3,2017,MS,Centro-Oeste,5-10 SM,1139.39,2187.95,805.67,697.35,4830.36,14.44,Alto
596,3,2017,MS,Centro-Oeste,2-5 SM,638.8,2687.0,1278.21,44.4,4648.41,0.96,Alto
597,3,2017,MS,Centro-Oeste,5-10 SM,370.23,1838.67,511.83,559.25,3279.98,17.05,Alto
598,3,2017,MS,Centro-Oeste,10-20 SM,1178.42,892.85,1317.38,213.53,3602.18,5.93,Alto
599,3,2018,MS,Centro-Oeste,Acima de 20 SM,209.0,2986.33,888.09,147.07,4230.49,3.48,Alto
600,3,2018,MS,Centro-Oeste,10-20 SM,433.16,2824.3,1539.04,109.85,4906.35,2.24,Alto
601,3,2017,MS,Centro-Oeste,5-10 SM,478.39,1067.8,2358.22,265.79,4170.2,6.37,Alto
602,3,2017,MS,Centro-Oeste,Até 2 SM,1072.61,1571.07,2111.69,491.86,5247.23,9.37,Muito Alto
603,3,2018,MS,Centro-Oeste,Até 2 SM,1182.64,2697.63,1764.37,782.31,6426.95,12.17,Muito Alto
604,3,2018,MS,Centro-Oeste,10-20 SM,863.21,1581.02,2115.81,610.67,5170.71,11.81,Muito Alto
605,3,2018,MS,Centro-Oeste,Acima de 20 SM,363.39,1982.09,2165.13,135.98,4646.59,2.93,Alto
606,3,2017,MS,Centro-Oeste,Acima de 20 SM,557.2,1118.63,631.88,539.35,2847.06,18.94,Médio
607,3,2018,MS,Centro-Oeste,10-20 SM,1400.89,1530.39,697.4,370.71,3999.39,9.27,Alto
608,3,2018,MS,Centro-Oeste,5-10 SM,1108.74,545.45,2380.02,659.27,4693.48,14.05,Alto
609,3,2017,MS,Centro-Oeste,2-5 SM,661.82,635.64,1821.45,282.56,3401.47,8.31,Alto
610,3,2018,MS,Centro-Oeste,Acima de 20 SM,1318.18,2844.53,1568.87,215.28,5946.86,3.62,Muito Alto
611,3,2018,MS,Centro-Oeste,2-5 SM,384.99,2742.88,1409.31,711.39,5248.57,13.55,Muito Alto
612,3,2018,MS,Centro-Oeste,5-10 SM,868.04,557.36,1351.05,27.57,2804.02,0.98,Médio
613,3,2018,MT,Centro-Oeste,2-5 SM,852.75,1027.19,2353.27,619.78,4852.99,12.77,Alto
614,3,2017,MT,Centro-Oeste,Até 2 SM,573.14,602.8,1764.31,665.75,3606.0,18.46,Alto
615,3,2017,MT,Centro-Oeste,Até 2 SM,1130.31,1927.02,760.4,5.9,3823.63,0.15,Alto
616,3,2018,MT,Centro-Oeste,Acima de 20 SM,1213.41,1046.0,1489.49,502.28,4251.18,11.82,Alto
617,3,2018,MT,Centro-Oeste,5-10 SM,843.06,766.75,2414.87,296.77,4321.45,6.87,Alto
618,3,2018,MT,Centro-Oeste,2-5 SM,743.5,181.61,831.61,540.06,2296.78,23.51,Médio
619,3,2018,MT,Centro-Oeste,Acima de 20 SM,871.64,2698.36,267.34,537.14,4374.48,12.28,Alto
620,3,2018,MT,Centro-Oeste,5-10 SM,1462.23,439.98,2375.0,411.13,4688.34,8.77,Alto
621,3,2018,MT,Centro-Oeste,10-20 SM,221.58,1309.0,417.08,113.17,2060.83,5.49,Médio
622,3,2017,MT,Centro-Oeste,Até 2 SM,387.17,2722.01,2095.38,533.36,5737.92,9.3,Muito Alto
623,3,2018,MT,Centro-Oeste,5-10 SM,697.22,749.11,2424.87,707.53,4578.73,15.45,Alto
624,3,2017,MT,Centro-Oeste,Acima de 20 SM,1284.03,597.51,170.73,647.83,2700.1,23.99,Médio
625,3,2017,MT,Centro-Oeste,2-5 SM,920.18,533.9,2025.22,530.6,4009.9,13.23,Alto
626,3,2017,MT,Centro-Oeste,Acima de 20 SM,1113.21,2457.01,539.59,175.1,4284.91,4.09,Alto
627,3,2018,MT,Centro-Oeste,Até 2 SM,693.31,1151.11,988.7,310.22,3143.34,9.87,Alto
628,3,2017,MT,Centro-Oeste,10-20 SM,1395.9,121.05,1596.17,432.42,3545.54,12.2,Alto
629,3,2017,MT,Centro-Oeste,Acima de 20 SM,832.84,2180.46,85.68,776.75,3875.73,20.04,Alto
630,3,2017,MT,Centro-Oeste,Acima de 20 SM,464.08,864.15,262.21,668.51,2258.95,29.59,Médio
631,3,2017,MT,Centro-Oeste,Acima de 20 SM,925.54,1674.6,1836.62,746.24,5183.0,14.4,Muito Alto
632,3,2017,MT,Centro-Oeste,5-10 SM,388.62,932.82,707.61,255.27,2284.32,11.17,Médio
633,3,2017,MT,Centro-Oeste,5-10 SM,1368.0,2714.56,2409.01,280.97,6772.54,4.15,Muito Alto
634,3,2018,MT,Centro-Oeste,2-5 SM,458.84,419.64,871.88,746.8,2497.16,29.91,Médio
635,3,2017,MT,Centro-Oeste,Até 2 SM,1138.54,2563.95,1010.05,618.59,5331.13,11.6,Muito Alto
636,3,2018,GO,Centro-Oeste,2-5 SM,270.91,326.28,272.51,281.84,1151.54,24.48,Médio
637,3,2017,GO,Centro-Oeste,10-20 SM,260.56,614.89,315.05,464.66,1655.16,28.07,Médio
638,3,2018,GO,Centro-Oeste,5-10 SM,1194.52,2036.74,1866.43,147.59,5245.28,2.81,Muito Alto
639,3,2018,GO,Centro-Oeste,2-5 SM,101.83,2253.8,687.39,413.1,3456.12,11.95,Alto
640,3,2018,GO,Centro-Oeste,Acima de 20 SM,62.85,2621.58,1583.48,634.9,4902.81,12.95,Alto
641,3,2018,GO,Centro-Oeste,Acima de 20 SM,1098.95,2322.34,2240.72,290.61,5952.62,4.88,Muito Alto
642,3,2018,GO,Centro-Oeste,10-20 SM,986.85,2540.66,1825.05,260.53,5613.09,4.64,Muito Alto
643,3,2018,GO,Centro-Oeste,2-5 SM,1068.58,2401.04,981.63,504.22,4955.47,10.18,Alto
644,3,2017,GO,Centro-Oeste,Acima de 20 SM,60.6,2651.78,1259.74,283.71,4255.83,6.67,Alto
645,3,2018,GO,Centro-Oeste,Acima de 20 SM,1015.95,1777.43,937.74,303.38,4034.5,7.52,Alto
646,3,2017,GO,Centro-Oeste,2-5 SM,882.01,262.72,1334.89,68.39,2548.01,2.68,Médio
647,3,2018,GO,Centro-Oeste,2-5 SM,331.82,2049.57,254.38,494.23,3130.0,15.79,Alto
648,3,2018,GO,Centro-Oeste,Até 2 SM,1473.04,2387.45,173.88,590.95,4625.32,12.78,Alto
649,3,2018,GO,Centro-Oeste,2-5 SM,1404.93,2526.8,1877.55,121.19,5930.47,2.04,Muito Alto
650,3,2017,GO,Centro-Oeste,2-5 SM,267.59,624.19,328.78,445.3,1665.86,26.73,Médio
651,3,2017,GO,Centro-Oeste,5-10 SM,906.32,1168.03,212.7,624.3,2911.35,21.44,Médio
652,3,2018,GO,Centro-Oeste,Até 2 SM,984.73,223.86,2435.16,404.16,4047.91,9.98,Alto
653,3,2018,GO,Centro-Oeste,10-20 SM,1075.06,2346.81,1265.09,420.44,5107.4,8.23,Muito Alto
654,3,2017,GO,Centro-Oeste,Até 2 SM,243.37,2147.23,31.35,25.34,2447.29,1.04,Médio
655,3,2018,GO,Centro-Oeste,10-20 SM,1463.81,1479.99,2151.05,624.1,5718.95,10.91,Muito Alto
656,3,2017,GO,Centro-Oeste,5-10 SM,757.32,1238.16,984.46,689.33,3669.27,18.79,Alto
657,3,2017,GO,Centro-Oeste,2-5 SM,1321.15,2938.09,1392.65,727.24,6379.13,11.4,Muito Alto
658,3,2018,GO,Centro-Oeste,5-10 SM,432.03,2087.85,1855.13,756.06,5131.07,14.73,Muito Alto
659,3,2018,GO,Centro-Oeste,Acima de 20 SM,1317.96,1870.37,137.69,409.54,3735.56,10.96,Alto
660,3,2018,GO,Centro-Oeste,2-5 SM,551.05,896.89,1081.59,771.06,3300.59,23.36,Alto
661,3,2017,GO,Centro-Oeste,Até 2 SM,976.49,1857.84,2059.12,270.77,5164.22,5.24,Muito Alto
662,3,2017,GO,Centro-Oeste,Até 2 SM,1003.67,2347.36,1276.42,693.91,5321.36,13.04,Muito Alto
663,3,2017,GO,Centro-Oeste,10-20 SM,359.29,1143.36,2093.17,645.88,4241.7,15.23,Alto
664,3,2018,DF,Centro-Oeste,Acima de 20 SM,330.61,2182.64,754.19,28.25,3295.69,0.86,Alto
665,3,2017,DF,Centro-Oeste,Acima de 20 SM,1480.98,480.76,1485.25,123.72,3570.71,3.46,Alto
666,3,2018,DF,Centro-Oeste,Até 2 SM,494.56,964.43,780.08,762.79,3001.86,25.41,Alto
667,3,2017,DF,Centro-Oeste,10-20 SM,727.26,1082.21,2108.2,610.3,4527.97,13.48,Alto
668,3,2017,DF,Centro-Oeste,2-5 SM,733.5,1239.38,805.59,620.86,3399.33,18.26,Alto
669,3,2017,DF,Centro-Oeste,Acima de 20 SM,841.54,2969.25,1529.38,510.35,5850.52,8.72,Muito Alto
670,3,2018,DF,Centro-Oeste,2-5 SM,714.95,2254.38,786.31,499.03,4254.67,11.73,Alto
671,3,2018,DF,Centro-Oeste,5-10 SM,813.09,2306.35,617.45,211.79,3948.68,5.36,Alto
672,3,2017,DF,Centro-Oeste,5-10 SM,1456.65,1684.99,2321.19,38.81,5501.64,0.71,Muito Alto
673,3,2018,DF,Centro-Oeste,5-10 SM,75.64,914.67,1438.5,692.11,3120.92,22.18,Alto
674,3,2017,DF,Centro-Oeste,Acima de 20 SM,301.41,1775.56,1437.64,243.17,3757.78,6.47,Alto
675,3,2017,DF,Centro-Oeste,2-5 SM,1077.32,797.42,1960.19,665.33,4500.26,14.78,Alto
676,3,2018,DF,Centro-Oeste,5-10 SM,835.88,912.56,1012.11,193.18,2953.73,6.54,Médio
677,3,2017,DF,Centro-Oeste,Até 2 SM,358.31,1556.43,870.99,775.32,3561.05,21.77,Alto
678,3,2018,DF,Centro-Oeste,2-5 SM,328.4,1436.56,1963.13,372.54,4100.63,9.08,Alto
679,3,2018,DF,Centro-Oeste,10-20 SM,1123.63,2554.23,944.28,70.12,4692.26,1.49,Alto
680,3,2017,DF,Centro-Oeste,Acima de 20 SM,613.88,599.72,38.49,791.73,2043.82,38.74,Médio
681,3,2018,DF,Centro-Oeste,10-20 SM,1195.11,2997.03,1171.18,543.53,5906.85,9.2,Muito Alto
682,3,2018,DF,Centro-Oeste,Acima de 20 SM,1029.26,1803.18,480.82,12.57,3325.83,0.38,Alto
683,3,2018,DF,Centro-Oeste,10-20 SM,1493.84,768.26,350.33,113.94,2726.37,4.18,Médio
684,3,2017,DF,Centro-Oeste,10-20 SM,370.22,2406.95,1954.05,605.74,5336.96,11.35,Muito Alto
685,3,2018,DF,Centro-Oeste,Acima de 20 SM,1185.78,1853.41,1104.76,9.94,4153.89,0.24,Alto
686,3,2017,DF,Centro-Oeste,5-10 SM,1461.2,529.09,350.23,65.81,2406.33,2.73,Médio
687,3,2017,DF,Centro-Oeste,2-5 SM,1498.75,2125.61,971.26,327.19,4922.81,6.65,Alto
688,3,2018,DF,Centro-Oeste,5-10 SM,937.32,115.75,747.79,397.07,2197.93,18.07,Médio
689,3,2017,DF,Centro-Oeste,2-5 SM,791.09,179.44,2461.66,394.21,3826.4,10.3,Alto
690,3,2018,DF,Centro-Oeste,5-10 SM,377.11,482.53,1758.88,304.98,2923.5,10.43,Médio
691,3,2017,DF,Centro-Oeste,5-10 SM,1484.92,468.73,1845.17,187.04,3985.86,4.69,Alto
692,3,2017,DF,Centro-Oeste,Acima de 20 SM,491.72,855.59,1310.94,172.8,2831.05,6.1,Médio
693,3,2018,DF,Centro-Oeste,Acima de 20 SM,161.68,505.56,2102.32,675.27,3444.83,19.6,Alto
694,3,2018,DF,Centro-Oeste,Acima de 20 SM,1262.37,1438.48,318.77,736.86,3756.48,19.62,Alto
695,3,2018,DF,Centro-Oeste,5-10 SM,767.68,2190.84,1829.13,779.46,5567.11,14.0,Muito Alto
696,3,2017,DF,Centro-Oeste,2-5 SM,779.71,754.83,728.06,94.59,2357.19,4.01,Médio
697,3,2018,DF,Centro-Oeste,2-5 SM,1281.73,1143.18,2370.94,306.47,5102.32,6.01,Muito Alto
698,3,2018,DF,Centro-Oeste,Acima de 20 SM,1202.28,2178.97,1850.81,544.45,5776.51,9.43,Muito Alto
699,3,2017,DF,Centro-Oeste,Até 2 SM,1306.16,1510.16,2206.66,305.82,5328.8,5.74,Muito Alto
700,3,2018,DF,Centro-Oeste,Até 2 SM,302.37,2969.06,688.27,362.61,4322.31,8.39,Alto
701,3,2017,DF,Centro-Oeste,Acima de 20 SM,317.47,2964.18,961.22,473.5,4716.37,10.04,Alto
702,3,2017,DF,Centro-Oeste,2-5 SM,654.62,2176.95,2005.77,101.69,4939.03,2.06,Alto
703,3,2017,DF,Centro-Oeste,10-20 SM,1272.92,2822.97,1693.88,584.44,6374.21,9.17,Muito Alto
