id_registro,id_fonte,ano_referencia,uf,regiao,faixa_renda_familiar,despesa_medicamentos,despesa_consultas,despesa_plano_saude,despesa_saude_mental,total_despesa_saude,pct_saude_mental,perfil_gasto
1,3,2017,RO,Norte,Até 2 SM,472.75,1213.49,2270.6,376.73,4333.57,8.69,Alto
2,3,2017,RO,Norte,Acima de 20 SM,707.94,2034.74,1418.36,697.95,4858.99,14.36,Alto
3,3,2017,RO,Norte,5-10 SM,1209.64,2242.05,1212.95,480.76,5145.4,9.34,Muito Alto
4,3,2018,RO,Norte,10-20 SM,587.42,285.1,2064.02,458.31,3394.85,13.5,Alto
5,3,2018,RO,Norte,2-5 SM,908.3,592.59,2150.87,87.86,3739.62,2.35,Alto
6,3,2017,RO,Norte,Acima de 20 SM,1115.94,1594.75,479.37,139.13,3329.19,4.18,Alto
7,3,2017,RO,Norte,Até 2 SM,947.79,1774.1,1728.93,51.56,4502.38,1.15,Alto
8,3,2017,RO,Norte,Até 2 SM,373.74,1126.53,2220.84,68.53,3789.64,1.81,Alto
9,3,2017,RO,Norte,10-20 SM,279.85,2312.06,1116.92,324.29,4033.12,8.04,Alto
10,3,2017,RO,Norte,10-20 SM,682.42,2526.14,382.83,132.13,3723.52,3.55,Alto
11,3,2017,RO,Norte,10-20 SM,1352.84,191.96,2240.02,237.08,4021.9,5.89,Alto
12,3,2017,RO,Norte,Até 2 SM,688.96,2922.08,109.32,251.29,3971.65,6.33,Alto
13,3,2017,RO,Norte,Acima de 20 SM,1039.77,507.25,583.9,549.8,2680.72,20.51,Médio
14,3,2018,RO,Norte,5-10 SM,1003.43,2438.61,1347.79,777.86,5567.69,13.97,Muito Alto
15,3,2017,RO,Norte,2-5 SM,298.86,2864.01,2210.99,420.12,5793.98,7.25,Muito Alto
16,3,2017,RO,Norte,10-20 SM,1090.51,179.61,971.92,591.42,2833.46,20.87,Médio
17,3,2018,RO,Norte,5-10 SM,751.28,157.31,2465.4,362.68,3736.67,9.71,Alto
18,3,2018,RO,Norte,Acima de 20 SM,805.34,703.89,747.37,179.29,2435.89,7.36,Médio
19,3,2017,RO,Norte,Até 2 SM,1298.18,1034.71,803.65,551.08,3687.62,14.94,Alto
20,3,2018,RO,Norte,2-5 SM,1010.68,2718.0,856.4,648.93,5234.01,12.4,Muito Alto
21,3,2018,RO,Norte,10-20 SM,741.3,300.31,1470.21,77.98,2589.8,3.01,Médio
22,3,2017,RO,Norte,10-20 SM,847.35,2861.74,2483.08,795.71,6987.88,11.39,Muito Alto
23,3,2017,RO,Norte,Até 2 SM,845.15,1151.27,2257.81,654.48,4908.71,13.33,Alto
24,3,2017,RO,Norte,10-20 SM,688.75,1502.16,1112.26,609.25,3912.42,15.57,Alto
25,3,2018,RO,Norte,10-20 SM,1186.33,1930.52,607.2,3.93,3727.98,0.11,Alto
26,3,2017,RO,Norte,2-5 SM,826.13,2487.94,1087.82,425.69,4827.58,8.82,Alto
27,3,2017,RO,Norte,Acima de 20 SM,1402.36,2805.56,2243.83,473.13,6924.88,6.83,Muito Alto
28,3,2018,RO,Norte,Acima de 20 SM,336.02,1256.53,1277.38,618.68,3488.61,17.73,Alto
29,3,2017,RO,Norte,10-20 SM,808.13,2174.24,1430.63,79.32,4492.32,1.77,Alto
30,3,2017,RO,Norte,Acima de 20 SM,1342.63,713.65,241.59,386.51,2684.38,14.4,Médio
31,3,2018,RO,Norte,10-20 SM,418.32,457.02,1333.66,282.24,2491.24,11.33,Médio
32,3,2017,RO,Norte,Acima de 20 SM,1327.65,2910.61,348.48,36.56,4623.3,0.79,Alto
33,3,2018,AC,Norte,Até 2 SM,218.12,1322.14,2062.46,481.23,4083.95,11.78,Alto
34,3,2018,AC,Norte,Até 2 SM,1168.89,2796.61,1615.43,760.96,6341.89,12.0,Muito Alto
35,3,2018,AC,Norte,Acima de 20 SM,156.74,788.22,1282.94,404.85,2632.75,15.38,Médio
36,3,2017,AC,Norte,Até 2 SM,921.23,1477.67,2067.92,173.94,4640.76,3.75,Alto
37,3,2018,AC,Norte,5-10 SM,358.57,371.99,75.78,286.65,1092.99,26.23,Médio
38,3,2017,AC,Norte,2-5 SM,568.81,180.06,1338.33,566.62,2653.82,21.35,Médio
39,3,2017,AC,Norte,5-10 SM,571.19,344.41,2173.63,271.07,3360.3,8.07,Alto
40,3,2017,AC,Norte,5-10 SM,822.84,2488.96,1095.69,670.71,5078.2,13.21,Muito Alto
41,3,2017,AC,Norte,2-5 SM,1233.97,1169.19,1096.9,770.77,4270.83,18.05,Alto
42,3,2018,AC,Norte,10-20 SM,523.28,2384.27,2031.32,390.21,5329.08,7.32,Muito Alto
43,3,2017,AC,Norte,Até 2 SM,869.39,1951.02,2291.31,197.89,5309.61,3.73,Muito Alto
44,3,2018,AC,Norte,Acima de 20 SM,572.9,1107.77,500.38,42.13,2223.18,1.9,Médio
45,3,2017,AC,Norte,2-5 SM,1137.65,1737.08,799.91,644.8,4319.44,14.93,Alto
46,3,2017,AC,Norte,10-20 SM,1380.37,1719.73,2404.87,263.51,5768.48,4.57,Muito Alto
47,3,2018,AC,Norte,5-10 SM,337.51,2916.38,93.46,367.7,3715.05,9.9,Alto
48,3,2017,AC,Norte,2-5 SM,1064.8,1768.41,1442.48,84.36,4360.05,1.93,Alto
49,3,2017,AC,Norte,Acima de 20 SM,1339.0,883.29,88.54,304.32,2615.15,11.64,Médio
50,3,2017,AC,Norte,Acima de 20 SM,84.01,1152.08,2104.95,660.87,4001.91,16.51,Alto
51,3,2018,AC,Norte,10-20 SM,1192.33,2858.08,962.65,776.94,5790.0,13.42,Muito Alto
52,3,2018,AC,Norte,10-20 SM,1212.97,2606.85,1467.58,538.12,5825.52,9.24,Muito Alto
53,3,2017,AC,Norte,10-20 SM,1113.63,2319.85,1972.25,734.29,6140.02,11.96,Muito Alto
54,3,2018,AM,Norte,2-5 SM,114.19,1034.5,757.6,155.05,2061.34,7.52,Médio
55,3,2017,AM,Norte,Acima de 20 SM,226.57,737.86,1515.93,553.07,3033.43,18.23,Alto
56,3,2017,AM,Norte,2-5 SM,1405.36,2288.72,1575.5,775.33,6044.91,12.83,Muito Alto
57,3,2017,AM,Norte,5-10 SM,1024.05,1723.25,117.73,162.34,3027.37,5.36,Alto
58,3,2017,AM,Norte,Até 2 SM,192.38,2391.72,299.14,302.81,3186.05,9.5,Alto
59,3,2018,AM,Norte,10-20 SM,1318.43,2711.53,2172.07,60.95,6262.98,0.97,Muito Alto
60,3,2018,AM,Norte,10-20 SM,815.51,594.14,338.48,681.73,2429.86,28.06,Médio
61,3,2017,AM,Norte,Acima de 20 SM,71.4,1520.24,1774.07,443.83,3809.54,11.65,Alto
62,3,2018,AM,Norte,Até 2 SM,1005.53,1422.29,968.5,750.91,4147.23,18.11,Alto
63,3,2017,AM,Norte,Acima de 20 SM,1112.15,2513.35,1415.7,264.1,5305.3,4.98,Muito Alto
64,3,2018,AM,Norte,Acima de 20 SM,397.71,1119.96,2047.23,367.71,3932.61,9.35,Alto
65,3,2017,AM,Norte,Até 2 SM,908.33,2488.2,2168.29,205.24,5770.06,3.56,Muito Alto
66,3,2017,AM,Norte,Até 2 SM,1020.35,1250.1,1105.41,265.76,3641.62,7.3,Alto
67,3,2018,AM,Norte,10-20 SM,895.35,2350.38,2172.33,348.93,5766.99,6.05,Muito Alto
68,3,2018,AM,Norte,10-20 SM,824.17,221.22,2266.65,212.12,3524.16,6.02,Alto
69,3,2017,AM,Norte,Até 2 SM,1262.08,1580.99,1262.94,122.82,4228.83,2.9,Alto
70,3,2017,AM,Norte,Até 2 SM,836.49,2888.43,732.91,230.46,4688.29,4.92,Alto
71,3,2017,AM,Norte,2-5 SM,206.82,2046.79,2297.84,67.45,4618.9,1.46,Alto
72,3,2017,AM,Norte,Acima de 20 SM,1326.63,1754.53,81.04,76.24,3238.44,2.35,Alto
73,3,2018,RR,Norte,5-10 SM,737.89,614.71,1460.43,244.96,3057.99,8.01,Alto
74,3,2018,RR,Norte,5-10 SM,1004.65,539.42,755.86,741.08,3041.01,24.37,Alto
75,3,2017,RR,Norte,5-10 SM,825.72,2061.89,385.17,158.37,3431.15,4.62,Alto
76,3,2017,RR,Norte,Acima de 20 SM,653.38,2709.39,1769.74,488.81,5621.32,8.7,Muito Alto
77,3,2018,RR,Norte,5-10 SM,451.2,1226.53,1358.87,622.92,3659.52,17.02,Alto
78,3,2018,RR,Norte,10-20 SM,562.9,2710.52,1261.25,631.76,5166.43,12.23,Muito Alto
79,3,2017,RR,Norte,2-5 SM,1440.09,488.48,1025.17,534.32,3488.06,15.32,Alto
80,3,2018,RR,Norte,2-5 SM,942.12,169.61,173.57,578.33,1863.63,31.03,Médio
81,3,2017,RR,Norte,Até 2 SM,1116.2,2626.65,1312.95,570.79,5626.59,10.14,Muito Alto
82,3,2018,RR,Norte,10-20 SM,569.94,2004.09,561.28,786.24,3921.55,20.05,Alto
83,3,2017,RR,Norte,Acima de 20 SM,728.66,298.57,2180.86,273.31,3481.4,7.85,Alto
84,3,2017,RR,Norte,Até 2 SM,554.92,1038.89,2260.5,644.17,4498.48,14.32,Alto
85,3,2018,RR,Norte,Acima de 20 SM,1409.34,437.38,1687.1,669.68,4203.5,15.93,Alto
86,3,2018,RR,Norte,Acima de 20 SM,56.65,292.13,2226.11,621.24,3196.13,19.44,Alto
87,3,2018,RR,Norte,10-20 SM,778.43,2411.37,708.4,194.35,4092.55,4.75,Alto
88,3,2018,RR,Norte,Acima de 20 SM,1379.75,751.76,1375.33,502.04,4008.88,12.52,Alto
89,3,2018,RR,Norte,5-10 SM,964.91,2799.39,75.34,617.45,4457.09,13.85,Alto
90,3,2018,RR,Norte,2-5 SM,56.02,2487.29,1454.7,150.6,4148.61,3.63,Alto
91,3,2017,PA,Norte,2-5 SM,385.38,2957.82,2412.36,219.32,5974.88,3.67,Muito Alto
92,3,2017,PA,Norte,10-20 SM,493.56,1999.83,614.71,525.72,3633.82,14.47,Alto
93,3,2018,PA,Norte,5-10 SM,577.38,2971.82,2447.08,727.47,6723.75,10.82,Muito Alto
94,3,2018,PA,Norte,Até 2 SM,136.48,1413.7,2212.36,522.57,4285.11,12.2,Alto
95,3,2018,PA,Norte,10-20 SM,119.53,2054.42,975.55,150.71,3300.21,4.57,Alto
96,3,2017,PA,Norte,5-10 SM,1055.91,164.59,1864.67,784.19,3869.36,20.27,Alto
97,3,2017,PA,Norte,2-5 SM,1263.75,1116.39,1104.28,186.86,3671.28,5.09,Alto
98,3,2017,PA,Norte,10-20 SM,515.09,570.21,1676.2,784.93,3546.43,22.13,Alto
99,3,2018,PA,Norte,Até 2 SM,397.93,2899.07,2335.72,99.83,5732.55,1.74,Muito Alto
100,3,2018,PA,Norte,Acima de 20 SM,260.9,2815.5,317.57,277.02,3670.99,7.55,Alto
101,3,2018,PA,Norte,Até 2 SM,118.96,1489.66,1253.06,713.66,3575.34,19.96,Alto
102,3,2018,PA,Norte,5-10 SM,128.36,2365.14,1583.0,312.43,4388.93,7.12,Alto
103,3,2018,PA,Norte,5-10 SM,484.68,2015.44,748.2,287.77,3536.09,8.14,Alto
104,3,2017,PA,Norte,Acima de 20 SM,431.73,993.45,451.2,62.67,1939.05,3.23,Médio
105,3,2017,PA,Norte,5-10 SM,639.43,2221.9,1773.12,349.5,4983.95,7.01,Alto
106,3,2018,PA,Norte,Acima de 20 SM,761.0,863.39,701.65,661.75,2987.79,22.15,Médio
107,3,2017,PA,Norte,5-10 SM,509.09,2078.58,2488.81,594.32,5670.8,10.48,Muito Alto
108,3,2018,PA,Norte,2-5 SM,1253.4,730.49,836.77,324.11,3144.77,10.31,Alto
109,3,2017,PA,Norte,Acima de 20 SM,1128.08,1577.33,137.83,640.72,3483.96,18.39,Alto
110,3,2017,PA,Norte,Acima de 20 SM,288.3,2274.71,147.86,695.39,3406.26,20.42,Alto
111,3,2017,PA,Norte,Acima de 20 SM,581.18,2705.9,1807.56,394.49,5489.13,7.19,Muito Alto
112,3,2017,PA,Norte,10-20 SM,161.27,326.22,936.46,258.18,1682.13,15.35,Médio
113,3,2017,PA,Norte,Acima de 20 SM,216.77,2144.61,2403.46,421.39,5186.23,8.13,Muito Alto
114,3,2017,PA,Norte,10-20 SM,937.79,768.74,2208.85,2.66,3918.04,0.07,Alto
115,3,2018,PA,Norte,2-5 SM,167.97,1590.52,389.29,545.74,2693.52,20.26,Médio
116,3,2017,PA,Norte,Até 2 SM,304.47,1395.13,1867.07,59.42,3626.09,1.64,Alto
117,3,2017,PA,Norte,2-5 SM,977.57,1018.2,1614.59,265.25,3875.61,6.84,Alto
118,3,2018,PA,Norte,10-20 SM,610.78,230.46,1315.9,567.46,2724.6,20.83,Médio
119,3,2017,PA,Norte,10-20 SM,288.26,860.54,524.84,508.19,2181.83,23.29,Médio
120,3,2017,PA,Norte,10-20 SM,1050.56,1263.54,819.59,459.34,3593.03,12.78,Alto
121,3,2017,AP,Norte,2-5 SM,189.59,2822.36,998.75,32.76,4043.46,0.81,Alto
122,3,2018,AP,Norte,2-5 SM,1210.27,572.18,1397.82,632.99,3813.26,16.6,Alto
123,3,2018,AP,Norte,Até 2 SM,857.27,2492.08,2316.49,610.15,6275.99,9.72,Muito Alto
124,3,2017,AP,Norte,Até 2 SM,1054.16,1236.93,1074.96,372.89,3738.94,9.97,Alto
125,3,2017,AP,Norte,2-5 SM,559.38,1415.02,1878.52,249.68,4102.6,6.09,Alto
126,3,2017,AP,Norte,Até 2 SM,288.62,2759.28,2463.35,730.81,6242.06,11.71,Muito Alto
127,3,2017,AP,Norte,5-10 SM,900.39,1913.31,2401.43,171.72,5386.85,3.19,Muito Alto
128,3,2018,AP,Norte,Até 2 SM,991.99,1031.62,1083.22,291.84,3398.67,8.59,Alto
129,3,2018,AP,Norte,2-5 SM,483.29,1172.71,1115.68,671.97,3443.65,19.51,Alto
130,3,2018,AP,Norte,2-5 SM,814.66,2192.49,1682.19,235.89,4925.23,4.79,Alto
131,3,2018,AP,Norte,Até 2 SM,1461.95,1521.05,615.81,606.38,4205.19,14.42,Alto
132,3,2018,AP,Norte,Acima de 20 SM,458.99,1605.56,2370.13,588.63,5023.31,11.72,Muito Alto
133,3,2018,AP,Norte,2-5 SM,796.0,2891.74,603.35,252.65,4543.74,5.56,Alto
134,3,2017,AP,Norte,Até 2 SM,1457.79,2204.12,1014.12,572.0,5248.03,10.9,Muito Alto
135,3,2018,AP,Norte,5-10 SM,294.5,787.49,939.98,16.55,2038.52,0.81,Médio
136,3,2017,AP,Norte,5-10 SM,822.53,2262.4,1727.58,23.38,4835.89,0.48,Alto
137,3,2017,AP,Norte,Acima de 20 SM,1243.36,2465.27,2010.35,633.31,6352.29,9.97,Muito Alto
138,3,2018,AP,Norte,Acima de 20 SM,627.27,1365.49,379.77,747.79,3120.32,23.97,Alto
139,3,2018,AP,Norte,Até 2 SM,297.54,572.46,2365.41,687.99,3923.4,17.54,Alto
140,3,2017,AP,Norte,Até 2 SM,558.2,1372.23,898.33,560.25,3389.01,16.53,Alto
141,3,2018,AP,Norte,Até 2 SM,261.66,137.45,2335.91,786.5,3521.52,22.33,Alto
142,3,2018,AP,Norte,2-5 SM,738.25,2856.76,1845.2,9.98,5450.19,0.18,Muito Alto
143,3,2017,AP,Norte,10-20 SM,1409.27,1481.3,364.47,110.91,3365.95,3.3,Alto
144,3,2018,AP,Norte,10-20 SM,1335.91,1734.97,1906.65,130.29,5107.82,2.55,Muito Alto
145,3,2017,AP,Norte,5-10 SM,247.29,2888.23,1486.67,218.7,4840.89,4.52,Alto
146,3,2018,AP,Norte,10-20 SM,187.5,1591.16,1402.05,717.48,3898.19,18.41,Alto
147,3,2017,AP,Norte,10-20 SM,374.14,2161.45,713.11,150.0,3398.7,4.41,Alto
148,3,2018,AP,Norte,Até 2 SM,143.47,263.85,2133.88,425.63,2966.83,14.35,Médio
149,3,2017,AP,Norte,10-20 SM,437.71,452.45,1507.0,649.64,3046.8,21.32,Alto
150,3,2018,AP,Norte,5-10 SM,330.18,2142.69,2239.39,103.17,4815.43,2.14,Alto
151,3,2017,AP,Norte,2-5 SM,54.25,1549.04,67.55,33.85,1704.69,1.99,Médio
152,3,2018,TO,Norte,5-10 SM,589.65,2752.71,719.63,452.91,4514.9,10.03,Alto
153,3,2018,TO,Norte,10-20 SM,1171.21,1032.76,511.61,513.12,3228.7,15.89,Alto
154,3,2017,TO,Norte,Acima de 20 SM,1407.83,2753.31,1946.5,788.08,6895.72,11.43,Muito Alto
155,3,2017,TO,Norte,Até 2 SM,1290.59,2471.78,864.94,450.05,5077.36,8.86,Muito Alto
156,3,2018,TO,Norte,Acima de 20 SM,1338.04,1887.53,2322.75,564.53,6112.85,9.24,Muito Alto
157,3,2017,TO,Norte,5-10 SM,714.74,1152.57,2176.3,643.54,4687.15,13.73,Alto
158,3,2018,TO,Norte,Até 2 SM,532.51,2591.85,396.28,731.33,4251.97,17.2,Alto
159,3,2017,TO,Norte,5-10 SM,236.21,435.26,1082.91,216.86,1971.24,11.0,Médio
160,3,2018,TO,Norte,Acima de 20 SM,143.88,1630.57,698.99,499.56,2973.0,16.8,Médio
161,3,2017,TO,Norte,5-10 SM,959.5,1741.73,1393.25,321.22,4415.7,7.27,Alto
162,3,2018,TO,Norte,10-20 SM,70.03,2574.01,1964.34,438.28,5046.66,8.68,Muito Alto
163,3,2018,TO,Norte,Acima de 20 SM,578.55,2918.06,2430.85,301.05,6228.51,4.83,Muito Alto
164,3,2017,TO,Norte,10-20 SM,154.86,1729.76,1529.0,248.7,3662.32,6.79,Alto
165,3,2017,TO,Norte,2-5 SM,811.53,843.13,1470.01,328.38,3453.05,9.51,Alto
166,3,2017,TO,Norte,10-20 SM,1166.55,1002.51,1438.43,724.44,4331.93,16.72,Alto
167,3,2018,TO,Norte,Até 2 SM,338.68,1848.43,2321.72,335.55,4844.38,6.93,Alto
168,3,2018,TO,Norte,Acima de 20 SM,643.32,2903.65,345.41,666.13,4558.51,14.61,Alto
169,3,2018,TO,Norte,Até 2 SM,1302.41,2432.55,1200.94,247.69,5183.59,4.78,Muito Alto
170,3,2018,TO,Norte,2-5 SM,1340.81,1560.41,328.35,85.29,3314.86,2.57,Alto
171,3,2018,TO,Norte,5-10 SM,1441.84,2066.91,983.7,44.86,4537.31,0.99,Alto
172,3,2017,TO,Norte,10-20 SM,175.01,2180.27,1305.64,13.3,3674.22,0.36,Alto
173,3,2017,TO,Norte,2-5 SM,697.41,2506.42,364.88,630.22,4198.93,15.01,Alto
174,3,2018,TO,Norte,10-20 SM,1295.6,299.24,87.54,57.69,1740.07,3.32,Médio
175,3,2017,TO,Norte,2-5 SM,426.7,2177.2,151.6,568.62,3324.12,17.11,Alto
176,3,2017,TO,Norte,2-5 SM,83.2,534.92,190.74,491.85,1300.71,37.81,Médio
177,3,2018,TO,Norte,10-20 SM,1385.09,2681.87,954.05,638.67,5659.68,11.28,Muito Alto
178,3,2017,TO,Norte,10-20 SM,301.59,2182.64,1939.93,504.47,4928.63,10.24,Alto
179,3,2018,TO,Norte,5-10 SM,468.41,2502.49,744.07,510.34,4225.31,12.08,Alto
180,3,2017,TO,Norte,Até 2 SM,512.06,2022.24,858.47,734.96,4127.73,17.81,Alto
181,3,2018,TO,Norte,Acima de 20 SM,966.92,2782.82,677.87,690.73,5118.34,13.5,Muito Alto
182,3,2017,TO,Norte,10-20 SM,81.83,2029.19,690.95,577.09,3379.06,17.08,Alto
183,3,2017,TO,Norte,5-10 SM,476.69,2344.02,959.3,732.3,4512.31,16.23,Alto
184,3,2017,TO,Norte,10-20 SM,583.03,698.26,163.06,81.77,1526.12,5.36,Médio
185,3,2018,TO,Norte,Até 2 SM,364.44,2581.01,2424.91,427.26,5797.62,7.37,Muito Alto
186,3,2018,TO,Norte,5-10 SM,1086.19,1166.91,1480.55,328.34,4061.99,8.08,Alto
187,3,2017,TO,Norte,2-5 SM,1387.07,2875.05,1675.18,773.24,6710.54,11.52,Muito Alto
188,3,2017,TO,Norte,Até 2 SM,744.64,1697.02,1679.07,621.51,4742.24,13.11,Alto
189,3,2017,TO,Norte,Acima de 20 SM,1036.8,1486.9,1835.89,598.3,4957.89,12.07,Alto
190,3,2017,TO,Norte,Até 2 SM,126.33,1215.28,1267.0,791.49,3400.1,23.28,Alto
191,3,2017,MA,Nordeste,2-5 SM,62.48,1546.51,178.69,181.33,1969.01,9.21,Médio
192,3,2017,MA,Nordeste,Acima de 20 SM,615.84,870.66,1266.02,13.11,2765.63,0.47,Médio
193,3,2018,MA,Nordeste,5-10 SM,1030.12,1324.05,2087.71,561.86,5003.74,11.23,Muito Alto
194,3,2017,MA,Nordeste,2-5 SM,550.31,2018.64,171.89,615.73,3356.57,18.34,Alto
195,3,2017,MA,Nordeste,Até 2 SM,1138.71,120.32,1502.64,751.6,3513.27,21.39,Alto
196,3,2018,MA,Nordeste,Até 2 SM,291.92,2060.98,1688.96,479.78,4521.64,10.61,Alto
197,3,2018,MA,Nordeste,Acima de 20 SM,362.47,112.18,1158.2,359.35,1992.2,18.04,Médio
198,3,2017,MA,Nordeste,Até 2 SM,414.39,2110.09,20.98,516.19,3061.65,16.86,Alto
199,3,2018,MA,Nordeste,2-5 SM,747.42,524.66,1898.18,644.91,3815.17,16.9,Alto
200,3,2017,MA,Nordeste,Até 2 SM,1009.45,1562.01,1066.73,110.26,3748.45,2.94,Alto
201,3,2018,MA,Nordeste,5-10 SM,1135.08,2626.39,921.34,682.66,5365.47,12.72,Muito Alto
202,3,2017,MA,Nordeste,2-5 SM,724.19,2596.34,897.62,155.59,4373.74,3.56,Alto
203,3,2017,MA,Nordeste,Até 2 SM,953.87,895.52,461.99,213.51,2524.89,8.46,Médio
204,3,2017,MA,Nordeste,5-10 SM,874.18,827.68,1416.48,101.77,3220.11,3.16,Alto
205,3,2018,MA,Nordeste,10-20 SM,945.07,1403.38,1662.43,114.63,4125.51,2.78,Alto
206,3,2018,MA,Nordeste,Acima de 20 SM,813.09,289.54,179.55,390.87,1673.05,23.36,Médio
207,3,2018,MA,Nordeste,Até 2 SM,114.71,1383.8,2274.74,611.6,4384.85,13.95,Alto
208,3,2017,MA,Nordeste,Até 2 SM,180.04,2259.9,1108.24,197.41,3745.59,5.27,Alto
209,3,2017,MA,Nordeste,2-5 SM,149.85,1078.79,2391.06,135.49,3755.19,3.61,Alto
210,3,2018,MA,Nordeste,Até 2 SM,224.49,2509.73,930.09,710.97,4375.28,16.25,Alto
211,3,2017,MA,Nordeste,5-10 SM,723.26,2506.64,2117.13,377.01,5724.04,6.59,Muito Alto
212,3,2017,MA,Nordeste,2-5 SM,303.47,1377.23,244.81,685.34,2610.85,26.25,Médio
213,3,2017,MA,Nordeste,Acima de 20 SM,212.25,1966.95,918.39,657.2,3754.79,17.5,Alto
214,3,2018,MA,Nordeste,2-5 SM,236.01,1387.91,2399.9,136.03,4159.85,3.27,Alto
215,3,2017,MA,Nordeste,2-5 SM,290.49,2103.6,170.48,674.34,3238.91,20.82,Alto
216,3,2017,MA,Nordeste,Até 2 SM,903.65,2968.91,134.96,433.44,4440.96,9.76,Alto
217,3,2017,PI,Nordeste,2-5 SM,1112.51,594.38,2270.55,531.19,4508.63,11.78,Alto
218,3,2017,PI,Nordeste,Até 2 SM,327.07,2230.49,1582.6,611.23,4751.39,12.86,Alto
219,3,2018,PI,Nordeste,Até 2 SM,969.66,911.93,820.78,121.47,2823.84,4.3,Médio
220,3,2018,PI,Nordeste,2-5 SM,755.59,2610.89,1573.11,125.7,5065.29,2.48,Muito Alto
221,3,2018,PI,Nordeste,10-20 SM,194.97,2576.32,1410.17,549.16,4730.62,11.61,Alto
222,3,2017,PI,Nordeste,5-10 SM,1287.24,1494.69,502.5,736.67,4021.1,18.32,Alto
223,3,2017,PI,Nordeste,Até 2 SM,1120.1,1284.39,934.27,298.85,3637.61,8.22,Alto
224,3,2018,PI,Nordeste,5-10 SM,634.84,1765.79,1684.1,211.82,4296.55,4.93,Alto
225,3,2018,PI,Nordeste,2-5 SM,1446.05,1861.33,23.95,251.62,3582.95,7.02,Alto
226,3,2017,PI,Nordeste,5-10 SM,1319.74,187.91,2050.42,105.73,3663.8,2.89,Alto
227,3,2017,PI,Nordeste,2-5 SM,723.4,1651.34,2162.38,716.45,5253.57,13.64,Muito Alto
228,3,2018,PI,Nordeste,5-10 SM,976.91,2718.66,1542.99,429.51,5668.07,7.58,Muito Alto
229,3,2018,PI,Nordeste,Acima de 20 SM,592.63,1520.46,2432.97,55.0,4601.06,1.2,Alto
230,3,2017,PI,Nordeste,10-20 SM,386.88,2804.31,1854.75,458.59,5504.53,8.33,Muito Alto
231,3,2017,PI,Nordeste,10-20 SM,851.47,1140.15,476.73,657.06,3125.41,21.02,Alto
232,3,2017,PI,Nordeste,5-10 SM,306.29,1918.96,2457.5,659.82,5342.57,12.35,Muito Alto
233,3,2018,CE,Nordeste,Acima de 20 SM,668.27,1580.49,862.05,423.0,3533.81,11.97,Alto
234,3,2018,CE,Nordeste,Acima de 20 SM,336.06,1253.17,769.9,676.84,3035.97,22.29,Alto
235,3,2018,CE,Nordeste,2-5 SM,927.88,2952.81,1049.22,589.67,5519.58,10.68,Muito Alto
236,3,2017,CE,Nordeste,Acima de 20 SM,436.82,495.35,536.67,101.94,1570.78,6.49,Médio
237,3,2017,CE,Nordeste,5-10 SM,575.86,823.33,591.28,761.08,2751.55,27.66,Médio
238,3,2017,CE,Nordeste,2-5 SM,186.98,1163.34,1869.12,160.61,3380.05,4.75,Alto
239,3,2017,CE,Nordeste,10-20 SM,918.92,2872.95,1996.87,657.2,6445.94,10.2,Muito Alto
240,3,2018,CE,Nordeste,5-10 SM,460.95,886.38,733.02,483.0,2563.35,18.84,Médio
241,3,2018,CE,Nordeste,Até 2 SM,215.41,916.31,1205.28,768.58,3105.58,24.75,Alto
242,3,2018,CE,Nordeste,Até 2 SM,418.06,2425.64,2237.56,73.82,5155.08,1.43,Muito Alto
243,3,2018,CE,Nordeste,Até 2 SM,333.07,2258.23,1010.98,282.09,3884.37,7.26,Alto
244,3,2017,CE,Nordeste,10-20 SM,716.17,1730.84,741.35,66.99,3255.35,2.06,Alto
245,3,2018,CE,Nordeste,Acima de 20 SM,439.74,2557.78,2323.73,152.8,5474.05,2.79,Muito Alto
246,3,2018,CE,Nordeste,10-20 SM,1124.31,1387.88,1800.44,80.77,4393.4,1.84,Alto
247,3,2017,CE,Nordeste,10-20 SM,1468.25,1536.44,1596.82,446.78,5048.29,8.85,Muito Alto
248,3,2017,CE,Nordeste,Até 2 SM,1191.02,2441.72,2342.39,147.32,6122.45,2.41,Muito Alto
249,3,2017,CE,Nordeste,Acima de 20 SM,415.11,2782.13,420.82,336.03,3954.09,8.5,Alto
250,3,2018,CE,Nordeste,Até 2 SM,683.17,2820.7,1498.53,73.0,5075.4,1.44,Muito Alto
251,3,2018,CE,Nordeste,Até 2 SM,1033.27,1138.58,1434.93,38.79,3645.57,1.06,Alto
252,3,2017,CE,Nordeste,5-10 SM,485.21,667.46,1574.55,127.8,2855.02,4.48,Médio
253,3,2018,CE,Nordeste,Até 2 SM,917.35,930.9,893.98,497.22,3239.45,15.35,Alto
254,3,2017,CE,Nordeste,2-5 SM,967.85,2083.86,2007.89,276.23,5335.83,5.18,Muito Alto
255,3,2017,CE,Nordeste,5-10 SM,810.96,1832.33,2168.3,117.14,4928.73,2.38,Alto
256,3,2018,CE,Nordeste,10-20 SM,1111.41,392.79,2470.05,613.76,4588.01,13.38,Alto
257,3,2018,CE,Nordeste,Acima de 20 SM,952.52,480.94,833.73,773.99,3041.18,25.45,Alto
258,3,2017,CE,Nordeste,Acima de 20 SM,482.96,421.9,726.25,574.71,2205.82,26.05,Médio
259,3,2017,RN,Nordeste,2-5 SM,128.49,1322.28,1019.41,678.79,3148.97,21.56,Alto
260,3,2018,RN,Nordeste,Acima de 20 SM,717.05,124.32,1661.7,182.06,2685.13,6.78,Médio
261,3,2018,RN,Nordeste,Até 2 SM,418.51,1981.52,212.66,176.83,2789.52,6.34,Médio
262,3,2018,RN,Nordeste,Até 2 SM,220.36,1755.77,59.86,623.03,2659.02,23.43,Médio
263,3,2018,RN,Nordeste,Acima de 20 SM,1046.82,2872.33,957.16,351.48,5227.79,6.72,Muito Alto
264,3,2018,RN,Nordeste,10-20 SM,565.85,2498.49,1188.18,112.96,4365.48,2.59,Alto
265,3,2017,RN,Nordeste,2-5 SM,355.3,2530.75,1083.91,179.04,4149.0,4.32,Alto
266,3,2017,RN,Nordeste,2-5 SM,209.73,1242.0,178.67,787.33,2417.73,32.56,Médio
267,3,2017,RN,Nordeste,Acima de 20 SM,168.5,987.01,72.77,744.55,1972.83,37.74,Médio
268,3,2017,RN,Nordeste,10-20 SM,1232.06,1367.73,7.19,69.28,2676.26,2.59,Médio
269,3,2017,RN,Nordeste,2-5 SM,1176.84,1996.19,1336.73,188.84,4698.6,4.02,Alto
270,3,2017,RN,Nordeste,Acima de 20 SM,632.98,2873.48,508.81,161.35,4176.62,3.86,Alto
271,3,2018,RN,Nordeste,2-5 SM,312.77,1742.3,1488.99,251.7,3795.76,6.63,Alto
272,3,2018,RN,Nordeste,2-5 SM,570.96,826.42,1974.22,658.2,4029.8,16.33,Alto
273,3,2017,RN,Nordeste,Até 2 SM,637.8,2705.6,14.83,298.36,3656.59,8.16,Alto
274,3,2017,RN,Nordeste,Acima de 20 SM,1218.46,1370.83,1210.35,320.29,4119.93,7.77,Alto
275,3,2018,RN,Nordeste,2-5 SM,357.98,1972.13,2276.09,716.61,5322.81,13.46,Muito Alto
276,3,2017,RN,Nordeste,Acima de 20 SM,1115.23,2228.02,2013.53,738.28,6095.06,12.11,Muito Alto
277,3,2017,RN,Nordeste,10-20 SM,1424.86,256.15,870.31,260.31,2811.63,9.26,Médio
278,3,2018,RN,Nordeste,Até 2 SM,410.81,1770.98,1880.34,562.06,4624.19,12.15,Alto
279,3,2018,RN,Nordeste,Acima de 20 SM,1155.62,2506.97,465.94,699.13,4827.66,14.48,Alto
280,3,2018,RN,Nordeste,5-10 SM,403.11,2567.25,1102.31,426.99,4499.66,9.49,Alto
281,3,2018,RN,Nordeste,2-5 SM,1036.18,440.3,1770.98,436.62,3684.08,11.85,Alto
282,3,2017,RN,Nordeste,5-10 SM,410.74,2542.53,121.12,463.44,3537.83,13.1,Alto
283,3,2018,RN,Nordeste,2-5 SM,1498.96,1635.05,757.4,600.44,4491.85,13.37,Alto
284,3,2018,RN,Nordeste,Até 2 SM,686.22,844.34,931.13,262.96,2724.65,9.65,Médio
285,3,2017,RN,Nordeste,5-10 SM,673.26,967.49,2445.68,140.09,4226.52,3.31,Alto
286,3,2017,RN,Nordeste,10-20 SM,1204.08,2576.81,1808.34,135.14,5724.37,2.36,Muito Alto
287,3,2018,RN,Nordeste,2-5 SM,467.55,704.7,1006.85,50.7,2229.8,2.27,Médio
288,3,2017,RN,Nordeste,Até 2 SM,319.93,112.3,462.31,316.82,1211.36,26.15,Médio
289,3,2017,RN,Nordeste,2-5 SM,1013.67,1669.41,2356.05,397.32,5436.45,7.31,Muito Alto
290,3,2017,RN,Nordeste,Até 2 SM,1065.62,455.89,712.0,23.2,2256.71,1.03,Médio
291,3,2017,RN,Nordeste,Acima de 20 SM,1276.44,1534.75,2350.78,619.16,5781.13,10.71,Muito Alto
292,3,2018,PB,Nordeste,10-20 SM,422.65,2258.5,1949.15,82.46,4712.76,1.75,Alto
293,3,2017,PB,Nordeste,2-5 SM,1408.9,2632.67,1458.24,237.2,5737.01,4.13,Muito Alto
294,3,2018,PB,Nordeste,Até 2 SM,860.61,2378.29,1062.96,27.51,4329.37,0.64,Alto
295,3,2018,PB,Nordeste,Acima de 20 SM,211.52,1568.19,856.78,280.34,2916.83,9.61,Médio
296,3,2017,PB,Nordeste,5-10 SM,760.99,291.64,1168.54,729.83,2951.0,24.73,Médio
297,3,2017,PB,Nordeste,5-10 SM,674.54,1160.46,190.09,232.88,2257.97,10.31,Médio
298,3,2018,PB,Nordeste,5-10 SM,1038.9,2833.04,1527.31,122.96,5522.21,2.23,Muito Alto
299,3,2018,PB,Nordeste,2-5 SM,802.0,2756.18,1223.0,574.64,5355.82,10.73,Muito Alto
300,3,2017,PB,Nordeste,Até 2 SM,1044.8,336.59,2242.88,571.62,4195.89,13.62,Alto
301,3,2017,PB,Nordeste,5-10 SM,1402.77,2677.47,759.67,13.96,4853.87,0.29,Alto
302,3,2018,PB,Nordeste,Até 2 SM,165.69,2897.09,2470.02,493.99,6026.79,8.2,Muito Alto
303,3,2017,PB,Nordeste,10-20 SM,967.02,285.12,230.89,733.67,2216.7,33.1,Médio
304,3,2017,PB,Nordeste,Acima de 20 SM,489.29,2808.39,35.68,164.64,3498.0,4.71,Alto
305,3,2017,PB,Nordeste,Até 2 SM,1301.38,2677.23,1056.08,332.47,5367.16,6.19,Muito Alto
306,3,2018,PB,Nordeste,10-20 SM,60.84,1014.47,435.54,502.26,2013.11,24.95,Médio
307,3,2018,PB,Nordeste,10-20 SM,832.95,745.08,1000.15,674.39,3252.57,20.73,Alto
308,3,2018,PB,Nordeste,Até 2 SM,145.52,1185.25,2156.25,37.42,3524.44,1.06,Alto
309,3,2017,PB,Nordeste,5-10 SM,475.2,2336.76,954.12,676.86,4442.94,15.23,Alto
310,3,2018,PB,Nordeste,2-5 SM,203.98,993.34,128.76,361.39,1687.47,21.42,Médio
311,3,2018,PB,Nordeste,Até 2 SM,1376.61,2339.81,2490.9,78.03,6285.35,1.24,Muito Alto
312,3,2017,PB,Nordeste,10-20 SM,756.45,1521.2,1464.51,156.61,3898.77,4.02,Alto
313,3,2017,PE,Nordeste,Até 2 SM,305.34,1868.33,2322.36,564.26,5060.29,11.15,Muito Alto
314,3,2018,PE,Nordeste,Acima de 20 SM,623.25,1292.61,682.14,732.71,3330.71,22.0,Alto
315,3,2018,PE,Nordeste,5-10 SM,336.28,131.73,777.15,483.48,1728.64,27.97,Médio
316,3,2018,PE,Nordeste,5-10 SM,315.82,586.95,294.83,786.39,1983.99,39.64,Médio
317,3,2017,PE,Nordeste,10-20 SM,1177.9,1232.08,1929.85,715.58,5055.41,14.15,Muito Alto
318,3,2018,PE,Nordeste,2-5 SM,654.36,911.85,2179.3,124.69,3870.2,3.22,Alto
319,3,2017,PE,Nordeste,Acima de 20 SM,173.66,613.93,630.4,526.93,1944.92,27.09,Médio
320,3,2017,PE,Nordeste,Acima de 20 SM,655.03,535.08,596.6,753.71,2540.42,29.67,Médio
321,3,2017,PE,Nordeste,10-20 SM,928.87,775.93,2072.5,85.61,3862.91,2.22,Alto
322,3,2017,PE,Nordeste,10-20 SM,1109.64,2888.64,1277.58,324.84,5600.7,5.8,Muito Alto
323,3,2018,PE,Nordeste,Até 2 SM,916.99,294.08,866.68,373.81,2451.56,15.25,Médio
324,3,2017,PE,Nordeste,2-5 SM,155.79,859.12,963.75,129.79,2108.45,6.16,Médio
325,3,2018,PE,Nordeste,Acima de 20 SM,581.06,1655.72,1342.6,241.66,3821.04,6.32,Alto
326,3,2018,PE,Nordeste,Acima de 20 SM,360.27,1203.1,1554.22,480.28,3597.87,13.35,Alto
327,3,2017,PE,Nordeste,10-20 SM,1220.24,2867.37,285.03,418.93,4791.57,8.74,Alto
328,3,2018,PE,Nordeste,5-10 SM,824.88,936.21,1408.03,493.68,3662.8,13.48,Alto
329,3,2017,PE,Nordeste,Até 2 SM,1066.11,759.46,2024.7,722.17,4572.44,15.79,Alto
330,3,2017,PE,Nordeste,Até 2 SM,540.39,757.59,788.92,246.86,2333.76,10.58,Médio
331,3,2017,PE,Nordeste,5-10 SM,1394.79,318.5,2315.96,136.11,4165.36,3.27,Alto
332,3,2018,PE,Nordeste,5-10 SM,444.17,1624.29,837.45,752.95,3658.86,20.58,Alto
333,3,2018,PE,Nordeste,2-5 SM,250.9,2029.95,792.52,477.16,3550.53,13.44,Alto
334,3,2017,PE,Nordeste,5-10 SM,1268.22,800.04,1198.05,242.11,3508.42,6.9,Alto
335,3,2017,PE,Nordeste,2-5 SM,1078.49,913.82,2276.87,231.49,4500.67,5.14,Alto
336,3,2017,PE,Nordeste,5-10 SM,1053.33,369.56,426.14,339.34,2188.37,15.51,Médio
337,3,2018,PE,Nordeste,Acima de 20 SM,1008.46,2657.04,1650.18,14.71,5330.39,0.28,Muito Alto
338,3,2017,PE,Nordeste,Até 2 SM,703.64,2248.23,1257.13,523.68,4732.68,11.07,Alto
339,3,2018,PE,Nordeste,2-5 SM,655.65,1829.26,1118.28,595.07,4198.26,14.17,Alto
340,3,2018,PE,Nordeste,10-20 SM,1192.02,197.99,1117.34,129.12,2636.47,4.9,Médio
341,3,2018,PE,Nordeste,2-5 SM,1329.65,759.32,1092.44,749.85,3931.26,19.07,Alto
342,3,2018,PE,Nordeste,5-10 SM,375.52,409.48,1731.22,537.11,3053.33,17.59,Alto
343,3,2018,PE,Nordeste,Até 2 SM,699.53,1580.96,2172.88,8.18,4461.55,0.18,Alto
344,3,2017,PE,Nordeste,5-10 SM,72.62,2416.99,1103.68,776.24,4369.53,17.76,Alto
345,3,2018,PE,Nordeste,2-5 SM,95.36,574.64,2484.84,454.75,3609.59,12.6,Alto
346,3,2018,PE,Nordeste,5-10 SM,271.85,2444.27,1379.95,749.07,4845.14,15.46,Alto
347,3,2017,PE,Nordeste,10-20 SM,1491.39,1578.42,245.22,432.36,3747.39,11.54,Alto
348,3,2017,AL,Nordeste,5-10 SM,564.71,2590.31,353.56,34.91,3543.49,0.99,Alto
349,3,2017,AL,Nordeste,Até 2 SM,1453.57,289.43,319.42,36.66,2099.08,1.75,Médio
350,3,2018,AL,Nordeste,10-20 SM,107.55,243.87,1777.06,319.58,2448.06,13.05,Médio
351,3,2018,AL,Nordeste,5-10 SM,1346.8,1856.98,1908.89,382.31,5494.98,6.96,Muito Alto
352,3,2017,AL,Nordeste,Acima de 20 SM,164.31,1740.39,1383.15,525.42,3813.27,13.78,Alto
353,3,2017,AL,Nordeste,5-10 SM,1068.83,2606.56,505.32,785.71,4966.42,15.82,Alto
354,3,2017,AL,Nordeste,2-5 SM,233.93,1153.17,140.72,292.76,1820.58,16.08,Médio
355,3,2018,AL,Nordeste,Até 2 SM,1259.43,1802.88,883.13,275.51,4220.95,6.53,Alto
356,3,2018,AL,Nordeste,Até 2 SM,301.52,112.54,2070.37,457.57,2942.0,15.55,Médio
357,3,2017,AL,Nordeste,10-20 SM,884.65,1610.58,805.38,431.87,3732.48,11.57,Alto
358,3,2018,AL,Nordeste,5-10 SM,114.73,2926.12,976.21,141.98,4159.04,3.41,Alto
359,3,2018,AL,Nordeste,10-20 SM,68.75,2850.18,350.65,691.29,3960.87,17.45,Alto
360,3,2017,AL,Nordeste,10-20 SM,1269.22,1414.93,1075.53,232.76,3992.44,5.83,Alto
361,3,2018,AL,Nordeste,Até 2 SM,1402.13,1650.49,233.58,492.07,3778.27,13.02,Alto
362,3,2017,AL,Nordeste,Até 2 SM,984.45,778.37,1813.52,89.02,3665.36,2.43,Alto
363,3,2017,AL,Nordeste,2-5 SM,593.11,1605.8,1089.31,447.5,3735.72,11.98,Alto
364,3,2017,AL,Nordeste,Até 2 SM,1436.23,2054.74,2353.51,127.33,5971.81,2.13,Muito Alto
365,3,2017,AL,Nordeste,Até 2 SM,878.91,1020.04,222.82,223.45,2345.22,9.53,Médio
366,3,2018,AL,Nordeste,10-20 SM,1096.05,458.6,432.7,787.13,2774.48,28.37,Médio
367,3,2018,AL,Nordeste,5-10 SM,1007.37,836.78,1041.67,74.16,2959.98,2.51,Médio
368,3,2017,AL,Nordeste,5-10 SM,255.71,822.48,936.45,457.71,2472.35,18.51,Médio
369,3,2018,AL,Nordeste,2-5 SM,641.54,372.08,1232.25,726.47,2972.34,24.44,Médio
370,3,2017,AL,Nordeste,2-5 SM,1494.97,2639.34,1907.64,173.29,6215.24,2.79,Muito Alto
371,3,2017,AL,Nordeste,2-5 SM,187.62,2599.91,857.65,344.7,3989.88,8.64,Alto
372,3,2017,AL,Nordeste,5-10 SM,731.59,535.17,1103.19,784.56,3154.51,24.87,Alto
373,3,2018,AL,Nordeste,Até 2 SM,1050.19,2155.64,211.89,793.21,4210.93,18.84,Alto
374,3,2018,AL,Nordeste,Até 2 SM,583.41,1534.04,1110.64,777.23,4005.32,19.4,Alto
375,3,2017,AL,Nordeste,Até 2 SM,1372.33,1572.44,1593.59,495.06,5033.42,9.84,Muito Alto
376,3,2017,AL,Nordeste,Até 2 SM,996.03,1571.17,621.15,545.46,3733.81,14.61,Alto
377,3,2017,AL,Nordeste,Até 2 SM,543.98,2286.76,1262.58,719.46,4812.78,14.95,Alto
378,3,2017,AL,Nordeste,Acima de 20 SM,1251.1,2570.76,42.38,491.7,4355.94,11.29,Alto
379,3,2017,AL,Nordeste,Até 2 SM,1368.8,2605.05,2015.38,237.47,6226.7,3.81,Muito Alto
380,3,2018,AL,Nordeste,5-10 SM,127.33,283.29,2433.31,579.04,3422.97,16.92,Alto
381,3,2018,AL,Nordeste,2-5 SM,803.74,748.32,1610.34,131.96,3294.36,4.01,Alto
382,3,2018,AL,Nordeste,2-5 SM,135.03,1372.35,623.14,391.8,2522.32,15.53,Médio
383,3,2018,AL,Nordeste,2-5 SM,998.57,1198.44,918.12,576.86,3691.99,15.62,Alto
384,3,2017,AL,Nordeste,Acima de 20 SM,1097.05,2453.33,1469.32,501.21,5520.91,9.08,Muito Alto
385,3,2018,AL,Nordeste,Até 2 SM,204.05,746.96,115.95,5.8,1072.76,0.54,Médio
386,3,2018,AL,Nordeste,2-5 SM,1148.07,809.9,851.51,52.46,2861.94,1.83,Médio
387,3,2017,SE,Nordeste,5-10 SM,1304.12,710.12,2233.08,140.44,4387.76,3.2,Alto
388,3,2017,SE,Nordeste,2-5 SM,64.16,2728.57,47.7,439.05,3279.48,13.39,Alto
389,3,2018,SE,Nordeste,10-20 SM,637.91,2156.17,2495.78,698.24,5988.1,11.66,Muito Alto
390,3,2018,SE,Nordeste,2-5 SM,168.39,1243.84,2265.36,141.73,3819.32,3.71,Alto
391,3,2018,SE,Nordeste,5-10 SM,1030.87,210.49,2338.82,650.9,4231.08,15.38,Alto
392,3,2017,SE,Nordeste,Acima de 20 SM,998.8,2439.59,2258.51,750.75,6447.65,11.64,Muito Alto
393,3,2018,SE,Nordeste,Até 2 SM,913.14,276.54,2478.26,789.64,4457.58,17.71,Alto
394,3,2018,SE,Nordeste,5-10 SM,85.89,591.64,2197.61,570.87,3446.01,16.57,Alto
395,3,2018,SE,Nordeste,2-5 SM,1493.2,1156.68,1553.63,777.85,4981.36,15.62,Alto
396,3,2017,SE,Nordeste,10-20 SM,911.9,2327.8,1595.66,740.13,5575.49,13.27,Muito Alto
397,3,2017,SE,Nordeste,10-20 SM,1348.32,2817.88,1195.13,544.58,5905.91,9.22,Muito Alto
398,3,2017,SE,Nordeste,Até 2 SM,1420.31,1845.12,1972.21,405.04,5642.68,7.18,Muito Alto
399,3,2017,SE,Nordeste,2-5 SM,1129.02,418.39,435.11,341.46,2323.98,14.69,Médio
400,3,2018,SE,Nordeste,Acima de 20 SM,72.03,1961.56,2494.29,405.33,4933.21,8.22,Alto
401,3,2017,SE,Nordeste,10-20 SM,1077.84,2010.1,1802.62,628.78,5519.34,11.39,Muito Alto
402,3,2018,SE,Nordeste,10-20 SM,746.67,1330.13,2243.53,275.14,4595.47,5.99,Alto
403,3,2017,SE,Nordeste,2-5 SM,657.8,849.52,1868.49,125.88,3501.69,3.59,Alto
404,3,2017,SE,Nordeste,5-10 SM,249.79,454.55,297.97,633.88,1636.19,38.74,Médio
405,3,2018,SE,Nordeste,10-20 SM,1330.39,542.63,51.84,427.3,2352.16,18.17,Médio
406,3,2018,SE,Nordeste,10-20 SM,1331.16,2811.42,875.09,209.8,5227.47,4.01,Muito Alto
407,3,2017,SE,Nordeste,10-20 SM,664.77,1056.03,1207.4,53.13,2981.33,1.78,Médio
408,3,2017,SE,Nordeste,5-10 SM,1374.94,548.62,2389.65,563.49,4876.7,11.55,Alto
409,3,2017,SE,Nordeste,2-5 SM,1299.24,550.97,909.55,577.18,3336.94,17.3,Alto
410,3,2018,SE,Nordeste,Até 2 SM,974.1,1457.73,1546.34,478.23,4456.4,10.73,Alto
411,3,2017,SE,Nordeste,10-20 SM,620.54,992.72,1395.41,585.48,3594.15,16.29,Alto
412,3,2017,SE,Nordeste,5-10 SM,1252.84,2499.03,2356.27,417.0,6525.14,6.39,Muito Alto
413,3,2017,SE,Nordeste,5-10 SM,620.96,2020.11,842.23,613.25,4096.55,14.97,Alto
414,3,2017,SE,Nordeste,Acima de 20 SM,1239.39,2337.53,1654.24,573.06,5804.22,9.87,Muito Alto
415,3,2017,SE,Nordeste,10-20 SM,468.53,398.58,492.22,641.58,2000.91,32.06,Médio
416,3,2018,SE,Nordeste,10-20 SM,996.65,939.44,163.67,62.24,2162.0,2.88,Médio
417,3,2017,SE,Nordeste,10-20 SM,1167.12,2377.06,73.25,263.0,3880.43,6.78,Alto
418,3,2018,SE,Nordeste,2-5 SM,264.54,1452.76,2107.03,24.95,3849.28,0.65,Alto
419,3,2017,SE,Nordeste,Acima de 20 SM,256.48,2620.69,1669.5,142.7,4689.37,3.04,Alto
420,3,2017,BA,Nordeste,Até 2 SM,1033.53,2619.17,1726.13,561.39,5940.22,9.45,Muito Alto
421,3,2017,BA,Nordeste,5-10 SM,817.75,1414.58,2254.84,747.51,5234.68,14.28,Muito Alto
422,3,2018,BA,Nordeste,Acima de 20 SM,1349.13,262.66,2311.0,713.78,4636.57,15.39,Alto
423,3,2017,BA,Nordeste,5-10 SM,1422.88,1389.74,1377.98,239.28,4429.88,5.4,Alto
424,3,2017,BA,Nordeste,2-5 SM,377.75,2754.16,2298.52,646.12,6076.55,10.63,Muito Alto
425,3,2018,BA,Nordeste,5-10 SM,101.4,1315.57,371.14,187.86,1975.97,9.51,Médio
426,3,2017,BA,Nordeste,Acima de 20 SM,1171.63,839.49,1774.2,454.12,4239.44,10.71,Alto
427,3,2017,BA,Nordeste,2-5 SM,469.1,1337.0,1335.06,119.63,3260.79,3.67,Alto
428,3,2018,BA,Nordeste,Acima de 20 SM,680.38,500.19,1416.79,789.93,3387.29,23.32,Alto
429,3,2017,BA,Nordeste,2-5 SM,429.54,2125.87,1744.63,311.44,4611.48,6.75,Alto
430,3,2018,BA,Nordeste,5-10 SM,1448.73,784.59,2443.22,144.46,4821.0,3.0,Alto
431,3,2018,BA,Nordeste,Até 2 SM,693.39,134.34,196.27,555.31,1579.31,35.16,Médio
432,3,2018,BA,Nordeste,2-5 SM,773.31,1563.51,996.33,517.25,3850.4,13.43,Alto
433,3,2018,BA,Nordeste,Acima de 20 SM,1432.48,1060.41,2048.84,221.92,4763.65,4.66,Alto
434,3,2017,BA,Nordeste,10-20 SM,616.33,454.23,1387.39,317.9,2775.85,11.45,Médio
435,3,2017,BA,Nordeste,2-5 SM,532.47,2316.45,908.87,396.87,4154.66,9.55,Alto
436,3,2017,BA,Nordeste,2-5 SM,1091.19,1004.93,294.23,45.68,2436.03,1.88,Médio
437,3,2017,BA,Nordeste,Acima de 20 SM,1413.37,1646.58,1240.01,197.3,4497.26,4.39,Alto
438,3,2018,BA,Nordeste,10-20 SM,502.47,1873.43,97.07,295.92,2768.89,10.69,Médio
439,3,2017,BA,Nordeste,Até 2 SM,68.97,1365.37,2010.01,41.12,3485.47,1.18,Alto
440,3,2018,BA,Nordeste,2-5 SM,838.41,2027.62,1140.32,351.2,4357.55,8.06,Alto
441,3,2017,BA,Nordeste,Até 2 SM,1139.39,2039.12,2299.48,76.44,5554.43,1.38,Muito Alto
442,3,2017,BA,Nordeste,10-20 SM,515.28,529.08,2012.93,434.62,3491.91,12.45,Alto
443,3,2018,BA,Nordeste,5-10 SM,1437.0,712.68,2142.31,339.9,4631.89,7.34,Alto
444,3,2018,BA,Nordeste,2-5 SM,1326.24,2303.5,196.95,467.92,4294.61,10.9,Alto
445,3,2017,BA,Nordeste,Até 2 SM,1081.67,2470.99,470.04,478.37,4501.07,10.63,Alto
446,3,2017,BA,Nordeste,5-10 SM,1102.14,162.71,1302.53,1.24,2568.62,0.05,Médio
447,3,2017,BA,Nordeste,Acima de 20 SM,1383.86,2321.06,1567.66,797.01,6069.59,13.13,Muito Alto
448,3,2017,BA,Nordeste,Acima de 20 SM,236.79,2242.82,1977.12,767.55,5224.28,14.69,Muito Alto
449,3,2017,BA,Nordeste,Até 2 SM,927.96,2494.95,594.79,677.41,4695.11,14.43,Alto
450,3,2018,BA,Nordeste,5-10 SM,480.85,1428.98,242.08,426.06,2577.97,16.53,Médio
451,3,2018,BA,Nordeste,Até 2 SM,305.65,1324.99,844.69,456.82,2932.15,15.58,Médio
452,3,2017,BA,Nordeste,10-20 SM,1181.92,2266.58,2296.72,126.42,5871.64,2.15,Muito Alto
453,3,2017,BA,Nordeste,2-5 SM,1182.3,1551.77,929.1,746.67,4409.84,16.93,Alto
454,3,2017,BA,Nordeste,Acima de 20 SM,180.57,1150.78,1695.83,299.11,3326.29,8.99,Alto
455,3,2018,BA,Nordeste,5-10 SM,805.72,1127.67,1487.92,310.98,3732.29,8.33,Alto
456,3,2017,MG,Sudeste,2-5 SM,850.27,121.27,1137.67,393.44,2502.65,15.72,Médio
457,3,2017,MG,Sudeste,2-5 SM,334.1,1808.55,2245.8,0.95,4389.4,0.02,Alto
458,3,2018,MG,Sudeste,Até 2 SM,1119.39,2829.85,769.0,468.49,5186.73,9.03,Muito Alto
459,3,2017,MG,Sudeste,10-20 SM,374.57,1801.94,1807.43,396.39,4380.33,9.05,Alto
460,3,2017,MG,Sudeste,10-20 SM,1083.74,2909.5,1460.91,209.46,5663.61,3.7,Muito Alto
461,3,2017,MG,Sudeste,10-20 SM,379.16,2200.94,2318.37,643.03,5541.5,11.6,Muito Alto
462,3,2018,MG,Sudeste,2-5 SM,619.42,1855.6,2404.39,224.41,5103.82,4.4,Muito Alto
463,3,2017,MG,Sudeste,Acima de 20 SM,75.19,418.4,313.34,349.61,1156.54,30.23,Médio
464,3,2017,MG,Sudeste,2-5 SM,738.2,2089.34,364.17,737.48,3929.19,18.77,Alto
465,3,2017,MG,Sudeste,5-10 SM,609.14,2965.42,1272.63,230.25,5077.44,4.53,Muito Alto
466,3,2017,MG,Sudeste,2-5 SM,97.06,223.26,1955.45,707.35,2983.12,23.71,Médio
467,3,2017,MG,Sudeste,Acima de 20 SM,650.17,192.9,1102.47,240.96,2186.5,11.02,Médio
468,3,2017,MG,Sudeste,Até 2 SM,611.3,2283.41,2249.96,330.91,5475.58,6.04,Muito Alto
469,3,2018,MG,Sudeste,2-5 SM,421.63,2050.78,2456.59,342.08,5271.08,6.49,Muito Alto
470,3,2017,MG,Sudeste,10-20 SM,1350.94,1906.96,831.02,557.21,4646.13,11.99,Alto
471,3,2017,MG,Sudeste,Até 2 SM,958.79,2493.91,836.0,130.26,4418.96,2.95,Alto
472,3,2017,MG,Sudeste,Acima de 20 SM,776.16,497.22,2398.57,276.55,3948.5,7.0,Alto
473,3,2018,MG,Sudeste,5-10 SM,308.91,1851.9,2445.45,513.64,5119.9,10.03,Muito Alto
474,3,2018,MG,Sudeste,Até 2 SM,1176.88,733.81,1602.08,547.43,4060.2,13.48,Alto
475,3,2017,MG,Sudeste,10-20 SM,441.58,895.24,2329.13,548.98,4214.93,13.02,Alto
476,3,2018,MG,Sudeste,Até 2 SM,749.19,1232.54,1707.72,425.72,4115.17,10.35,Alto
477,3,2018,MG,Sudeste,Até 2 SM,1065.03,512.25,2327.17,208.83,4113.28,5.08,Alto
478,3,2017,MG,Sudeste,2-5 SM,123.45,1674.31,1619.64,777.83,4195.23,18.54,Alto
479,3,2017,MG,Sudeste,5-10 SM,280.74,2101.01,2130.49,544.87,5057.11,10.77,Muito Alto
480,3,2017,MG,Sudeste,10-20 SM,637.71,2604.45,385.95,721.61,4349.72,16.59,Alto
481,3,2018,MG,Sudeste,10-20 SM,599.51,2233.76,1721.19,209.56,4764.02,4.4,Alto
482,3,2017,MG,Sudeste,2-5 SM,476.87,1711.86,2407.96,744.02,5340.71,13.93,Muito Alto
483,3,2017,MG,Sudeste,Até 2 SM,874.4,1676.86,1557.86,669.92,4779.04,14.02,Alto
484,3,2017,MG,Sudeste,10-20 SM,190.83,754.17,831.92,105.14,1882.06,5.59,Médio
485,3,2017,MG,Sudeste,5-10 SM,249.52,2076.49,2075.73,178.17,4579.91,3.89,Alto
486,3,2018,MG,Sudeste,5-10 SM,669.35,1646.25,2180.14,791.65,5287.39,14.97,Muito Alto
487,3,2017,MG,Sudeste,2-5 SM,585.41,1150.39,911.56,155.26,2802.62,5.54,Médio
488,3,2018,MG,Sudeste,5-10 SM,1494.72,1504.84,2243.3,313.84,5556.7,5.65,Muito Alto
489,3,2017,MG,Sudeste,2-5 SM,1319.96,2852.67,242.55,118.66,4533.84,2.62,Alto
490,3,2018,MG,Sudeste,2-5 SM,1361.25,2072.72,2071.88,154.84,5660.69,2.74,Muito Alto
491,3,2017,MG,Sudeste,10-20 SM,1004.25,2892.87,624.07,286.69,4807.88,5.96,Alto
492,3,2018,MG,Sudeste,10-20 SM,1344.61,402.46,1406.05,516.59,3669.71,14.08,Alto
493,3,2018,ES,Sudeste,Até 2 SM,429.54,1890.98,765.64,327.37,3413.53,9.59,Alto
494,3,2017,ES,Sudeste,10-20 SM,1498.21,1217.9,1621.61,218.11,4555.83,4.79,Alto
495,3,2018,ES,Sudeste,Até 2 SM,1474.29,2466.04,396.97,461.56,4798.86,9.62,Alto
496,3,2018,ES,Sudeste,2-5 SM,498.63,1979.05,2442.83,752.32,5672.83,13.26,Muito Alto
497,3,2017,ES,Sudeste,Acima de 20 SM,1294.66,2487.88,190.48,565.98,4539.0,12.47,Alto
498,3,2018,ES,Sudeste,2-5 SM,1017.21,721.03,2360.23,674.63,4773.1,14.13,Alto
499,3,2017,ES,Sudeste,Acima de 20 SM,1014.66,2533.24,1703.05,791.3,6042.25,13.1,Muito Alto
500,3,2018,ES,Sudeste,5-10 SM,1344.54,1988.13,987.88,190.81,4511.36,4.23,Alto
501,3,2018,ES,Sudeste,Acima de 20 SM,569.62,956.17,2323.51,445.83,4295.13,10.38,Alto
502,3,2018,ES,Sudeste,Até 2 SM,192.52,1816.93,309.4,24.02,2342.87,1.03,Médio
503,3,2018,ES,Sudeste,5-10 SM,432.08,2036.13,1726.67,701.41,4896.29,14.33,Alto
504,3,2017,ES,Sudeste,10-20 SM,1018.43,1959.35,20.41,513.0,3511.19,14.61,Alto
505,3,2018,ES,Sudeste,10-20 SM,1206.5,1086.13,1538.05,244.0,4074.68,5.99,Alto
506,3,2018,ES,Sudeste,5-10 SM,1239.89,111.81,186.24,154.85,1692.79,9.15,Médio
507,3,2017,ES,Sudeste,10-20 SM,1162.35,2725.52,1130.94,550.46,5569.27,9.88,Muito Alto
508,3,2017,ES,Sudeste,Até 2 SM,1382.28,2731.75,2100.15,194.44,6408.62,3.03,Muito Alto
509,3,2017,ES,Sudeste,5-10 SM,609.68,1131.75,253.08,721.94,2716.45,26.58,Médio
510,3,2018,ES,Sudeste,5-10 SM,708.94,197.78,1428.06,435.08,2769.86,15.71,Médio
511,3,2018,ES,Sudeste,Até 2 SM,1043.28,405.4,1813.86,481.51,3744.05,12.86,Alto
512,3,2018,ES,Sudeste,10-20 SM,1146.22,2185.21,1361.14,615.15,5307.72,11.59,Muito Alto
513,3,2018,ES,Sudeste,5-10 SM,1126.64,2374.69,960.95,607.43,5069.71,11.98,Muito Alto
514,3,2018,ES,Sudeste,2-5 SM,893.44,1136.35,1405.73,797.7,4233.22,18.84,Alto
515,3,2018,ES,Sudeste,5-10 SM,296.07,538.22,1047.2,638.91,2520.4,25.35,Médio
516,3,2018,ES,Sudeste,2-5 SM,627.93,1353.52,51.64,355.61,2388.7,14.89,Médio
517,3,2018,ES,Sudeste,Acima de 20 SM,245.88,108.01,518.92,176.38,1049.19,16.81,Médio
518,3,2017,ES,Sudeste,2-5 SM,336.89,1231.1,904.67,739.17,3211.83,23.01,Alto
519,3,2017,ES,Sudeste,5-10 SM,477.96,465.15,872.22,270.17,2085.5,12.95,Médio
520,3,2018,ES,Sudeste,10-20 SM,1386.94,2884.41,284.25,63.26,4618.86,1.37,Alto
521,3,2018,ES,Sudeste,Até 2 SM,797.01,200.03,1364.62,217.73,2579.39,8.44,Médio
522,3,2018,ES,Sudeste,Até 2 SM,1078.72,793.65,267.9,136.56,2276.83,6.0,Médio
523,3,2017,ES,Sudeste,5-10 SM,861.17,2421.72,178.4,773.91,4235.2,18.27,Alto
524,3,2018,ES,Sudeste,Acima de 20 SM,560.3,119.39,293.57,422.6,1395.86,30.28,Médio
525,3,2018,ES,Sudeste,5-10 SM,305.64,2010.76,783.75,149.37,3249.52,4.6,Alto
526,3,2017,ES,Sudeste,Até 2 SM,55.89,1300.46,64.49,203.57,1624.41,12.53,Médio
527,3,2017,ES,Sudeste,10-20 SM,723.85,2523.25,1170.66,61.09,4478.85,1.36,Alto
528,3,2018,ES,Sudeste,10-20 SM,145.19,540.79,5.05,763.05,1454.08,52.48,Médio
529,3,2017,RJ,Sudeste,10-20 SM,690.9,1955.4,940.97,643.94,4231.21,15.22,Alto
530,3,2017,RJ,Sudeste,Acima de 20 SM,845.99,1252.57,573.04,620.97,3292.57,18.86,Alto
531,3,2017,RJ,Sudeste,2-5 SM,1097.98,1146.27,1309.44,704.23,4257.92,16.54,Alto
532,3,2017,RJ,Sudeste,2-5 SM,202.38,120.42,2406.71,524.45,3253.96,16.12,Alto
533,3,2018,RJ,Sudeste,Acima de 20 SM,1069.02,2214.86,820.03,279.54,4383.45,6.38,Alto
534,3,2017,RJ,Sudeste,Acima de 20 SM,1057.7,1766.32,2289.91,3.83,5117.76,0.07,Muito Alto
535,3,2017,RJ,Sudeste,Acima de 20 SM,1049.54,1638.8,52.41,114.13,2854.88,4.0,Médio
536,3,2018,RJ,Sudeste,5-10 SM,1080.08,1062.3,1686.54,160.16,3989.08,4.01,Alto
537,3,2018,RJ,Sudeste,2-5 SM,885.13,1751.95,1914.79,386.57,4938.44,7.83,Alto
538,3,2018,RJ,Sudeste,Até 2 SM,1347.81,1596.47,274.66,757.22,3976.16,19.04,Alto
539,3,2017,RJ,Sudeste,5-10 SM,60.38,147.29,1235.17,702.85,2145.69,32.76,Médio
540,3,2017,RJ,Sudeste,Acima de 20 SM,1252.74,711.99,30.36,174.49,2169.58,8.04,Médio
541,3,2017,RJ,Sudeste,5-10 SM,1076.21,2348.13,1355.56,326.52,5106.42,6.39,Muito Alto
542,3,2018,RJ,Sudeste,2-5 SM,352.79,1186.79,679.69,648.62,2867.89,22.62,Médio
543,3,2017,RJ,Sudeste,Acima de 20 SM,848.34,1727.82,927.13,721.16,4224.45,17.07,Alto
544,3,2017,RJ,Sudeste,2-5 SM,708.73,1791.09,797.8,14.97,3312.59,0.45,Alto
545,3,2017,RJ,Sudeste,Até 2 SM,142.05,659.61,528.3,465.3,1795.26,25.92,Médio
546,3,2017,RJ,Sudeste,10-20 SM,573.65,871.49,1908.42,623.17,3976.73,15.67,Alto
547,3,2017,RJ,Sudeste,Acima de 20 SM,198.82,425.22,771.46,562.65,1958.15,28.73,Médio
548,3,2017,RJ,Sudeste,Acima de 20 SM,1323.4,2678.59,10.25,83.62,4095.86,2.04,Alto
549,3,2018,RJ,Sudeste,Até 2 SM,1308.09,2251.89,269.27,524.13,4353.38,12.04,Alto
550,3,2017,RJ,Sudeste,Até 2 SM,1012.05,667.17,2320.48,753.05,4752.75,15.84,Alto
551,3,2017,RJ,Sudeste,Até 2 SM,743.45,565.35,577.27,344.65,2230.72,15.45,Médio
552,3,2018,RJ,Sudeste,10-20 SM,366.16,2010.44,1091.34,509.49,3977.43,12.81,Alto
553,3,2017,RJ,Sudeste,5-10 SM,769.36,612.12,1514.58,756.26,3652.32,20.71,Alto
554,3,2018,RJ,Sudeste,2-5 SM,928.93,495.99,819.79,277.98,2522.69,11.02,Médio
555,3,2018,RJ,Sudeste,2-5 SM,862.6,800.61,1335.58,254.84,3253.63,7.83,Alto
556,3,2017,RJ,Sudeste,Acima de 20 SM,1396.08,2836.27,120.29,188.71,4541.35,4.16,Alto
557,3,2017,RJ,Sudeste,Acima de 20 SM,1341.43,515.0,1731.17,621.93,4209.53,14.77,Alto
558,3,2017,RJ,Sudeste,10-20 SM,787.28,2072.18,1881.74,326.76,5067.96,6.45,Muito Alto
559,3,2018,RJ,Sudeste,2-5 SM,1214.78,1829.83,2163.8,439.25,5647.66,7.78,Muito Alto
560,3,2018,RJ,Sudeste,10-20 SM,1336.86,509.9,62.61,558.35,2467.72,22.63,Médio
561,3,2018,RJ,Sudeste,Acima de 20 SM,1128.32,391.13,66.81,2.4,1588.66,0.15,Médio
562,3,2017,RJ,Sudeste,2-5 SM,81.12,2431.91,146.42,488.11,3147.56,15.51,Alto
563,3,2018,SP,Sudeste,2-5 SM,720.53,526.18,308.46,83.4,1638.57,5.09,Médio
564,3,2018,SP,Sudeste,5-10 SM,1480.63,217.12,1775.94,397.3,3870.99,10.26,Alto
565,3,2017,SP,Sudeste,5-10 SM,95.95,1512.9,2362.73,426.35,4397.93,9.69,Alto
566,3,2017,SP,Sudeste,Até 2 SM,1125.28,485.56,397.91,695.81,2704.56,25.73,Médio
567,3,2017,SP,Sudeste,10-20 SM,417.93,229.02,1446.04,640.91,2733.9,23.44,Médio
568,3,2017,SP,Sudeste,5-10 SM,1012.15,230.52,2482.99,144.14,3869.8,3.72,Alto
569,3,2017,SP,Sudeste,Até 2 SM,966.9,2609.08,695.6,776.05,5047.63,15.37,Muito Alto
570,3,2018,SP,Sudeste,10-20 SM,641.19,1145.48,2101.6,723.97,4612.24,15.7,Alto
571,3,2017,SP,Sudeste,2-5 SM,1122.42,1298.07,492.24,508.23,3420.96,14.86,Alto
572,3,2018,SP,Sudeste,Até 2 SM,1088.15,1602.02,42.82,455.0,3187.99,14.27,Alto
573,3,2018,SP,Sudeste,2-5 SM,1385.56,2935.91,464.35,364.72,5150.54,7.08,Muito Alto
574,3,2018,SP,Sudeste,Acima de 20 SM,873.22,2199.47,1844.34,126.85,5043.88,2.51,Muito Alto
575,3,2018,SP,Sudeste,2-5 SM,417.41,716.93,1380.58,141.61,2656.53,5.33,Médio
576,3,2018,SP,Sudeste,2-5 SM,1364.06,1678.52,2289.71,721.45,6053.74,11.92,Muito Alto
577,3,2017,SP,Sudeste,Acima de 20 SM,291.24,2688.21,1901.53,562.26,5443.24,10.33,Muito Alto
578,3,2017,SP,Sudeste,Acima de 20 SM,572.55,1649.99,1416.99,725.49,4365.02,16.62,Alto
579,3,2017,SP,Sudeste,5-10 SM,1134.54,2287.48,1532.68,29.83,4984.53,0.6,Alto
580,3,2017,SP,Sudeste,10-20 SM,1116.35,285.07,1263.26,42.48,2707.16,1.57,Médio
581,3,2017,SP,Sudeste,10-20 SM,1077.77,1742.31,1408.14,15.81,4244.03,0.37,Alto
582,3,2018,PR,Sul,2-5 SM,977.21,1468.09,2089.71,111.0,4646.01,2.39,Alto
583,3,2018,PR,Sul,10-20 SM,415.37,2155.02,994.41,68.7,3633.5,1.89,Alto
584,3,2018,PR,Sul,Até 2 SM,1018.76,2637.23,565.72,694.55,4916.26,14.13,Alto
585,3,2017,PR,Sul,10-20 SM,956.43,985.21,1089.32,516.42,3547.38,14.56,Alto
586,3,2017,PR,Sul,10-20 SM,1204.9,2878.53,1969.21,702.99,6755.63,10.41,Muito Alto
587,3,2018,PR,Sul,2-5 SM,936.91,336.74,130.49,782.57,2186.71,35.79,Médio
588,3,2017,PR,Sul,2-5 SM,292.55,593.09,650.24,731.95,2267.83,32.28,Médio
589,3,2017,PR,Sul,5-10 SM,1211.19,1701.92,2072.18,78.9,5064.19,1.56,Muito Alto
590,3,2018,PR,Sul,Até 2 SM,1188.24,2312.47,166.96,133.87,3801.54,3.52,Alto
591,3,2017,PR,Sul,Acima de 20 SM,971.56,2936.52,2031.84,128.05,6067.97,2.11,Muito Alto
592,3,2017,PR,Sul,Até 2 SM,157.56,1217.26,2218.13,121.39,3714.34,3.27,Alto
593,3,2017,PR,Sul,Até 2 SM,95.95,1834.56,2391.27,582.71,4904.49,11.88,Alto
594,3,2018,PR,Sul,2-5 SM,342.57,2902.51,1217.16,278.2,4740.44,5.87,Alto
595,3,2018,PR,Sul,10-20 SM,144.32,1946.75,441.44,645.99,3178.5,20.32,Alto
596,3,2018,PR,Sul,2-5 SM,720.39,258.66,349.82,591.81,1920.68,30.81,Médio
597,3,2017,PR,Sul,Até 2 SM,276.17,2701.21,682.79,361.82,4021.99,9.0,Alto
598,3,2018,PR,Sul,Acima de 20 SM,1388.83,327.66,594.96,578.35,2889.8,20.01,Médio
599,3,2018,PR,Sul,Acima de 20 SM,1297.39,1279.41,2263.2,682.61,5522.61,12.36,Muito Alto
600,3,2017,PR,Sul,5-10 SM,291.38,2439.2,360.3,174.56,3265.44,5.35,Alto
601,3,2018,PR,Sul,2-5 SM,620.95,1151.34,840.89,656.06,3269.24,20.07,Alto
602,3,2018,PR,Sul,10-20 SM,85.43,1087.13,1525.34,457.6,3155.5,14.5,Alto
603,3,2017,PR,Sul,Acima de 20 SM,1388.86,2620.39,1937.23,403.37,6349.85,6.35,Muito Alto
604,3,2018,PR,Sul,Até 2 SM,149.37,1096.22,2294.84,374.3,3914.73,9.56,Alto
605,3,2018,PR,Sul,2-5 SM,776.9,1623.28,814.0,189.06,3403.24,5.56,Alto
606,3,2017,PR,Sul,5-10 SM,923.16,1651.35,1461.27,275.19,4310.97,6.38,Alto
607,3,2018,SC,Sul,Até 2 SM,845.38,2480.24,1286.86,495.46,5107.94,9.7,Muito Alto
608,3,2017,SC,Sul,5-10 SM,365.15,731.5,1709.68,601.29,3407.62,17.65,Alto
609,3,2017,SC,Sul,2-5 SM,413.12,2960.69,445.51,674.79,4494.11,15.01,Alto
610,3,2017,SC,Sul,10-20 SM,1411.49,2607.76,1778.88,718.04,6516.17,11.02,Muito Alto
611,3,2017,SC,Sul,2-5 SM,828.73,362.9,597.35,779.02,2568.0,30.34,Médio
612,3,2018,SC,Sul,Até 2 SM,1123.59,2093.07,777.1,51.17,4044.93,1.27,Alto
613,3,2017,SC,Sul,10-20 SM,528.1,1624.0,1194.74,13.72,3360.56,0.41,Alto
614,3,2017,SC,Sul,10-20 SM,252.35,546.73,1444.45,236.65,2480.18,9.54,Médio
615,3,2017,SC,Sul,2-5 SM,55.23,2395.37,2447.29,764.34,5662.23,13.5,Muito Alto
616,3,2017,SC,Sul,5-10 SM,922.67,2314.34,2453.47,96.49,5786.97,1.67,Muito Alto
617,3,2018,SC,Sul,5-10 SM,1135.91,2981.24,2219.66,418.95,6755.76,6.2,Muito Alto
618,3,2018,SC,Sul,5-10 SM,1182.37,1471.09,1016.12,627.99,4297.57,14.61,Alto
619,3,2018,SC,Sul,5-10 SM,1237.6,231.62,2225.59,508.54,4203.35,12.1,Alto
620,3,2018,SC,Sul,5-10 SM,99.77,2494.45,650.98,303.44,3548.64,8.55,Alto
621,3,2018,SC,Sul,Acima de 20 SM,507.33,1168.32,466.2,295.88,2437.73,12.14,Médio
622,3,2018,SC,Sul,5-10 SM,1461.27,1822.7,1089.24,230.83,4604.04,5.01,Alto
623,3,2018,SC,Sul,10-20 SM,1359.79,1075.1,1552.03,280.45,4267.37,6.57,Alto
624,3,2018,SC,Sul,Acima de 20 SM,460.42,2854.48,661.62,578.15,4554.67,12.69,Alto
625,3,2017,SC,Sul,Acima de 20 SM,957.06,1438.12,365.29,103.65,2864.12,3.62,Médio
626,3,2017,SC,Sul,5-10 SM,625.86,2058.37,1817.38,60.86,4562.47,1.33,Alto
627,3,2018,SC,Sul,10-20 SM,1334.27,2288.52,1399.98,253.1,5275.87,4.8,Muito Alto
628,3,2018,SC,Sul,Até 2 SM,201.29,1426.74,521.18,41.92,2191.13,1.91,Médio
629,3,2017,RS,Sul,5-10 SM,1422.62,2303.12,461.74,41.05,4228.53,0.97,Alto
630,3,2018,RS,Sul,Até 2 SM,780.99,645.41,1350.38,605.17,3381.95,17.89,Alto
631,3,2018,RS,Sul,Até 2 SM,994.6,1391.08,717.51,303.53,3406.72,8.91,Alto
632,3,2018,RS,Sul,Acima de 20 SM,1421.93,933.16,1240.81,94.95,3690.85,2.57,Alto
633,3,2018,RS,Sul,Acima de 20 SM,340.12,1884.58,533.77,236.04,2994.51,7.88,Médio
634,3,2018,RS,Sul,Até 2 SM,1243.54,1412.76,1016.42,413.95,4086.67,10.13,Alto
635,3,2018,RS,Sul,2-5 SM,1423.33,2799.94,1293.92,438.57,5955.76,7.36,Muito Alto
636,3,2017,RS,Sul,Até 2 SM,1242.7,113.94,1798.75,715.95,3871.34,18.49,Alto
637,3,2017,RS,Sul,Acima de 20 SM,465.31,891.99,1163.62,229.83,2750.75,8.36,Médio
638,3,2017,RS,Sul,Até 2 SM,311.48,1268.33,1338.05,161.62,3079.48,5.25,Alto
639,3,2018,RS,Sul,5-10 SM,298.4,2101.96,1639.28,90.45,4130.09,2.19,Alto
640,3,2018,RS,Sul,2-5 SM,1420.53,1662.16,156.48,272.56,3511.73,7.76,Alto
641,3,2018,RS,Sul,10-20 SM,85.04,668.27,1921.19,295.8,2970.3,9.96,Médio
642,3,2018,RS,Sul,2-5 SM,635.43,2590.57,788.03,484.21,4498.24,10.76,Alto
643,3,2017,RS,Sul,10-20 SM,926.52,512.77,1925.21,182.01,3546.51,5.13,Alto
644,3,2018,RS,Sul,Acima de 20 SM,652.1,2969.9,2470.44,478.49,6570.93,7.28,Muito Alto
645,3,2017,RS,Sul,Até 2 SM,488.03,2012.14,995.57,171.63,3667.37,4.68,Alto
646,3,2017,RS,Sul,2-5 SM,625.63,2183.73,876.08,508.31,4193.75,12.12,Alto
647,3,2018,RS,Sul,Até 2 SM,194.86,510.25,649.73,593.03,1947.87,30.45,Médio
648,3,2018,RS,Sul,Até 2 SM,1454.62,906.88,846.22,788.44,3996.16,19.73,Alto
649,3,2018,RS,Sul,Até 2 SM,994.14,1657.08,1752.08,173.21,4576.51,3.78,Alto
650,3,2018,RS,Sul,10-20 SM,396.77,919.65,1859.66,723.9,3899.98,18.56,Alto
651,3,2017,RS,Sul,2-5 SM,730.53,2347.08,1323.37,468.86,4869.84,9.63,Alto
652,3,2017,RS,Sul,10-20 SM,310.57,2627.72,996.58,275.36,4210.23,6.54,Alto
653,3,2017,MS,Centro-Oeste,Acima de 20 SM,1328.06,2317.91,114.39,196.95,3957.31,4.98,Alto
654,3,2017,MS,Centro-Oeste,10-20 SM,197.22,734.81,1874.34,790.19,3596.56,21.97,Alto
655,3,2018,MS,Centro-Oeste,Até 2 SM,629.51,2639.59,1894.23,624.09,5787.42,10.78,Muito Alto
656,3,2018,MS,Centro-Oeste,5-10 SM,1467.54,700.95,2085.27,709.93,4963.69,14.3,Alto
657,3,2017,MS,Centro-Oeste,Acima de 20 SM,325.58,1158.59,1543.39,442.62,3470.18,12.75,Alto
658,3,2017,MS,Centro-Oeste,Acima de 20 SM,218.86,2591.67,1039.4,19.66,3869.59,0.51,Alto
659,3,2017,MS,Centro-Oeste,Até 2 SM,1254.63,2039.32,2287.31,221.35,5802.61,3.81,Muito Alto
660,3,2018,MS,Centro-Oeste,Acima de 20 SM,121.11,2520.84,743.06,258.89,3643.9,7.1,Alto
661,3,2017,MS,Centro-Oeste,2-5 SM,542.5,523.03,2282.72,268.18,3616.43,7.42,Alto
662,3,2017,MS,Centro-Oeste,5-10 SM,1064.28,1199.5,52.36,31.13,2347.27,1.33,Médio
663,3,2017,MS,Centro-Oeste,10-20 SM,528.88,1667.63,152.14,97.32,2445.97,3.98,Médio
664,3,2017,MS,Centro-Oeste,Até 2 SM,172.48,1731.1,530.13,506.34,2940.05,17.22,Médio
665,3,2018,MS,Centro-Oeste,5-10 SM,908.95,943.88,2446.05,225.63,4524.51,4.99,Alto
666,3,2018,MS,Centro-Oeste,2-5 SM,947.47,781.46,526.58,688.73,2944.24,23.39,Médio
667,3,2018,MS,Centro-Oeste,2-5 SM,546.67,2309.76,708.34,162.61,3727.38,4.36,Alto
668,3,2018,MS,Centro-Oeste,Até 2 SM,1075.81,296.02,1708.79,161.06,3241.68,4.97,Alto
669,3,2018,MS,Centro-Oeste,Acima de 20 SM,393.37,1376.01,1787.87,217.52,3774.77,5.76,Alto
670,3,2018,MS,Centro-Oeste,Acima de 20 SM,1422.23,993.29,2366.56,211.99,4994.07,4.24,Alto
671,3,2018,MS,Centro-Oeste,Até 2 SM,243.31,2012.85,2112.09,264.13,4632.38,5.7,Alto
672,3,2017,MS,Centro-Oeste,Até 2 SM,808.57,863.14,2269.39,345.75,4286.85,8.07,Alto
673,3,2017,MS,Centro-Oeste,10-20 SM,1070.61,1141.85,1456.99,255.53,3924.98,6.51,Alto
674,3,2017,MT,Centro-Oeste,Acima de 20 SM,1176.4,1700.9,2132.25,567.23,5576.78,10.17,Muito Alto
675,3,2017,MT,Centro-Oeste,Até 2 SM,183.08,1458.62,642.63,237.45,2521.78,9.42,Médio
676,3,2017,MT,Centro-Oeste,10-20 SM,1208.68,1603.97,1483.88,562.5,4859.03,11.58,Alto
677,3,2018,MT,Centro-Oeste,10-20 SM,144.59,1944.14,2079.95,588.82,4757.5,12.38,Alto
678,3,2017,MT,Centro-Oeste,10-20 SM,845.39,2242.91,1715.23,314.9,5118.43,6.15,Muito Alto
679,3,2017,MT,Centro-Oeste,2-5 SM,1110.65,1135.94,1426.84,493.08,4166.51,11.83,Alto
680,3,2017,MT,Centro-Oeste,5-10 SM,603.45,627.98,1756.58,44.4,3032.41,1.46,Alto
681,3,2018,MT,Centro-Oeste,Até 2 SM,1044.04,532.74,177.16,354.77,2108.71,16.82,Médio
682,3,2017,MT,Centro-Oeste,Acima de 20 SM,1233.88,1369.75,1011.77,436.25,4051.65,10.77,Alto
683,3,2018,MT,Centro-Oeste,Até 2 SM,1237.55,2186.4,1753.86,118.76,5296.57,2.24,Muito Alto
684,3,2017,MT,Centro-Oeste,Até 2 SM,427.62,1383.11,502.7,397.99,2711.42,14.68,Médio
685,3,2018,MT,Centro-Oeste,2-5 SM,224.35,408.62,1111.74,7.9,1752.61,0.45,Médio
686,3,2017,MT,Centro-Oeste,Até 2 SM,988.47,2437.43,267.2,12.15,3705.25,0.33,Alto
687,3,2018,MT,Centro-Oeste,10-20 SM,913.99,2890.11,1330.79,648.02,5782.91,11.21,Muito Alto
688,3,2018,MT,Centro-Oeste,10-20 SM,59.52,1712.09,857.56,666.8,3295.97,20.23,Alto
689,3,2017,MT,Centro-Oeste,5-10 SM,943.69,2944.04,697.1,430.41,5015.24,8.58,Muito Alto
690,3,2018,MT,Centro-Oeste,5-10 SM,1199.27,1507.64,2436.09,188.48,5331.48,3.54,Muito Alto
691,3,2017,MT,Centro-Oeste,2-5 SM,419.24,2207.89,2043.85,371.94,5042.92,7.38,Muito Alto
692,3,2017,MT,Centro-Oeste,Acima de 20 SM,1305.05,350.43,2272.78,622.55,4550.81,13.68,Alto
693,3,2017,MT,Centro-Oeste,5-10 SM,1046.1,1740.08,1203.62,751.49,4741.29,15.85,Alto
694,3,2017,MT,Centro-Oeste,2-5 SM,894.98,2590.41,1310.28,698.25,5493.92,12.71,Muito Alto
695,3,2017,MT,Centro-Oeste,Acima de 20 SM,1026.58,1491.36,2338.13,755.11,5611.18,13.46,Muito Alto
696,3,2017,MT,Centro-Oeste,2-5 SM,1024.17,814.37,735.09,581.03,3154.66,18.42,Alto
697,3,2018,MT,Centro-Oeste,2-5 SM,688.38,382.75,1770.87,30.69,2872.69,1.07,Médio
698,3,2018,MT,Centro-Oeste,Acima de 20 SM,697.39,2703.79,1888.09,103.51,5392.78,1.92,Muito Alto
699,3,2017,MT,Centro-Oeste,5-10 SM,646.26,1839.83,332.83,385.66,3204.58,12.03,Alto
700,3,2017,MT,Centro-Oeste,5-10 SM,647.06,1374.45,1977.92,605.74,4605.17,13.15,Alto
701,3,2017,MT,Centro-Oeste,Acima de 20 SM,1282.33,1611.6,1954.81,486.99,5335.73,9.13,Muito Alto
702,3,2018,MT,Centro-Oeste,2-5 SM,1233.48,1720.22,408.86,161.27,3523.83,4.58,Alto
703,3,2018,GO,Centro-Oeste,10-20 SM,1091.82,2454.05,1733.2,714.88,5993.95,11.93,Muito Alto
704,3,2018,GO,Centro-Oeste,5-10 SM,423.23,407.75,444.97,127.79,1403.74,9.1,Médio
705,3,2018,GO,Centro-Oeste,5-10 SM,337.22,322.33,4.59,393.09,1057.23,37.18,Médio
706,3,2017,GO,Centro-Oeste,Acima de 20 SM,912.92,2720.65,828.57,418.57,4880.71,8.58,Alto
707,3,2017,GO,Centro-Oeste,Até 2 SM,1345.78,2553.15,1994.44,475.74,6369.11,7.47,Muito Alto
708,3,2017,GO,Centro-Oeste,10-20 SM,874.88,1860.45,2333.5,351.55,5420.38,6.49,Muito Alto
709,3,2018,GO,Centro-Oeste,10-20 SM,520.7,1812.76,2176.74,603.73,5113.93,11.81,Muito Alto
710,3,2017,GO,Centro-Oeste,5-10 SM,1459.77,1212.63,1203.82,50.62,3926.84,1.29,Alto
711,3,2018,GO,Centro-Oeste,2-5 SM,1320.11,1431.97,2404.83,46.19,5203.1,0.89,Muito Alto
712,3,2017,GO,Centro-Oeste,5-10 SM,1384.49,1374.25,2272.9,188.02,5219.66,3.6,Muito Alto
713,3,2018,GO,Centro-Oeste,Até 2 SM,542.66,2280.7,340.98,231.95,3396.29,6.83,Alto
714,3,2018,GO,Centro-Oeste,2-5 SM,987.35,1955.51,1544.56,758.96,5246.38,14.47,Muito Alto
715,3,2017,GO,Centro-Oeste,Até 2 SM,1284.83,2800.31,821.11,348.63,5254.88,6.63,Muito Alto
716,3,2017,GO,Centro-Oeste,Acima de 20 SM,668.54,2270.8,1708.09,675.91,5323.34,12.7,Muito Alto
717,3,2018,GO,Centro-Oeste,10-20 SM,424.71,1793.32,531.99,162.54,2912.56,5.58,Médio
718,3,2018,GO,Centro-Oeste,5-10 SM,508.32,2234.02,515.38,779.42,4037.14,19.31,Alto
719,3,2018,GO,Centro-Oeste,2-5 SM,1129.28,1359.0,484.66,313.47,3286.41,9.54,Alto
720,3,2017,GO,Centro-Oeste,Acima de 20 SM,801.7,134.31,1838.72,196.83,2971.56,6.62,Médio
721,3,2018,GO,Centro-Oeste,Até 2 SM,745.78,1551.27,297.53,578.07,3172.65,18.22,Alto
722,3,2018,GO,Centro-Oeste,Até 2 SM,445.04,2915.18,2189.12,284.13,5833.47,4.87,Muito Alto
723,3,2017,GO,Centro-Oeste,10-20 SM,1361.3,1280.14,643.84,192.2,3477.48,5.53,Alto
724,3,2017,GO,Centro-Oeste,2-5 SM,202.31,2285.69,1034.71,616.87,4139.58,14.9,Alto
725,3,2018,GO,Centro-Oeste,2-5 SM,1178.06,2581.29,1749.02,193.5,5701.87,3.39,Muito Alto
726,3,2018,GO,Centro-Oeste,5-10 SM,77.55,1526.18,265.19,653.07,2521.99,25.9,Médio
727,3,2017,GO,Centro-Oeste,2-5 SM,1493.99,2447.25,972.21,630.16,5543.61,11.37,Muito Alto
728,3,2017,GO,Centro-Oeste,Acima de 20 SM,363.71,1882.25,2313.84,758.32,5318.12,14.26,Muito Alto
729,3,2018,GO,Centro-Oeste,Acima de 20 SM,884.44,928.59,2406.99,310.61,4530.63,6.86,Alto
730,3,2018,GO,Centro-Oeste,2-5 SM,649.18,1544.55,2253.51,400.17,4847.41,8.26,Alto
731,3,2018,GO,Centro-Oeste,10-20 SM,1480.55,1050.84,486.93,584.23,3602.55,16.22,Alto
732,3,2017,GO,Centro-Oeste,5-10 SM,280.64,2803.95,1165.8,423.31,4673.7,9.06,Alto
733,3,2018,GO,Centro-Oeste,2-5 SM,606.19,2219.88,2244.14,568.74,5638.95,10.09,Muito Alto
734,3,2018,GO,Centro-Oeste,Até 2 SM,1448.06,2878.82,2271.65,150.23,6748.76,2.23,Muito Alto
735,3,2018,GO,Centro-Oeste,Acima de 20 SM,837.13,2470.05,522.64,554.2,4384.02,12.64,Alto
736,3,2018,GO,Centro-Oeste,Até 2 SM,1299.47,1731.27,1389.82,536.02,4956.58,10.81,Alto
737,3,2017,GO,Centro-Oeste,5-10 SM,1335.23,469.86,1003.2,435.02,3243.31,13.41,Alto
738,3,2017,GO,Centro-Oeste,5-10 SM,782.22,2081.73,1433.48,646.41,4943.84,13.08,Alto
739,3,2018,GO,Centro-Oeste,5-10 SM,317.74,1383.69,2230.59,519.58,4451.6,11.67,Alto
740,3,2017,GO,Centro-Oeste,Até 2 SM,700.71,101.58,1367.87,581.15,2751.31,21.12,Médio
741,3,2017,DF,Centro-Oeste,10-20 SM,117.26,2525.63,902.54,542.29,4087.72,13.27,Alto
742,3,2018,DF,Centro-Oeste,2-5 SM,962.39,694.38,2115.04,371.8,4143.61,8.97,Alto
743,3,2017,DF,Centro-Oeste,Até 2 SM,1005.69,543.43,2488.2,559.44,4596.76,12.17,Alto
744,3,2018,DF,Centro-Oeste,5-10 SM,887.15,1308.26,1510.01,395.49,4100.91,9.64,Alto
745,3,2018,DF,Centro-Oeste,Acima de 20 SM,825.3,428.27,421.29,293.19,1968.05,14.9,Médio
746,3,2017,DF,Centro-Oeste,Até 2 SM,351.89,2077.05,1194.43,348.49,3971.86,8.77,Alto
747,3,2017,DF,Centro-Oeste,2-5 SM,1031.77,2896.65,1827.17,165.31,5920.9,2.79,Muito Alto
748,3,2017,DF,Centro-Oeste,10-20 SM,95.54,2085.24,1080.37,616.46,3877.61,15.9,Alto
749,3,2018,DF,Centro-Oeste,Até 2 SM,1164.76,1004.47,343.92,488.31,3001.46,16.27,Alto
750,3,2018,DF,Centro-Oeste,2-5 SM,777.46,1201.84,146.36,284.18,2409.84,11.79,Médio
751,3,2017,DF,Centro-Oeste,Acima de 20 SM,872.05,2874.93,570.45,436.17,4753.6,9.18,Alto
752,3,2017,DF,Centro-Oeste,Até 2 SM,532.69,1713.25,764.88,19.68,3030.5,0.65,Alto
753,3,2017,DF,Centro-Oeste,Até 2 SM,963.55,1938.89,871.79,149.15,3923.38,3.8,Alto
754,3,2017,DF,Centro-Oeste,Acima de 20 SM,1255.97,2680.77,86.35,329.28,4352.37,7.57,Alto
755,3,2017,DF,Centro-Oeste,Acima de 20 SM,123.01,1990.21,245.92,356.35,2715.49,13.12,Médio
756,3,2017,DF,Centro-Oeste,Até 2 SM,1395.09,2395.42,98.12,588.7,4477.33,13.15,Alto
757,3,2018,DF,Centro-Oeste,2-5 SM,60.27,1315.54,1913.45,675.4,3964.66,17.04,Alto
758,3,2017,DF,Centro-Oeste,10-20 SM,969.35,1387.84,207.33,6.01,2570.53,0.23,Médio
759,3,2018,DF,Centro-Oeste,5-10 SM,1461.04,702.95,987.44,411.65,3563.08,11.55,Alto
760,3,2018,DF,Centro-Oeste,5-10 SM,818.41,1012.89,2278.45,155.54,4265.29,3.65,Alto
761,3,2017,DF,Centro-Oeste,5-10 SM,717.41,2780.36,1656.67,783.84,5938.28,13.2,Muito Alto
